source,source_line,citation,cited_file,old_line,resolved_path,new_line,symbol,semantic_assertion,status,reason
dispatch,84,FranceChartOfAccountsSeeder.php:275-279,FranceChartOfAccountsSeeder.php,275-279,apps/api/database/seeders/FranceChartOfAccountsSeeder.php,283-287,aware,"aware anchors the cited behavior at `// 2052 line ""Achats de marchandises"" stays structurally 0.00. The P&L // TOTAL is correct; the FS/FT split is not the conventional PCG // presentation. Not a regression (TN behaves the same) and not a // blocker — but the expert must rule on the presentation before the // first liasse, not at filing. Register H-5 carr`",mapped,
dispatch,273,DocumentGenerationAdapter.php:199,DocumentGenerationAdapter.php,199,apps/api/app/Modules/Workshop/WorkOrder/Infrastructure/Adapters/DocumentGenerationAdapter.php,218,mapLine(),"mapLine() anchors the cited behavior at `'line_total' => $wol->line_total_incl_tax,`",mapped,
dispatch,423,ReturnScrapWriteOffService.php:209-213,ReturnScrapWriteOffService.php,209-213,apps/api/app/Modules/POS/Application/Services/ReturnScrapWriteOffService.php,209-213,writeOff(),"writeOff() anchors the cited behavior at `// Seal INSIDE this transaction (gate I1). The default afterCommit // path would post from a Horizon worker in autocommit, where the // per-company chain advisory lock is a no-op (duplicate // chain_sequence) and a post-commit throw would leave the entry // Draft forever — invisible to every trial balance.`",mapped,
dispatch,470,plan-wave3.md:2291-2299,plan-wave3.md,2291-2299,.superpowers/sdd/HANDOVER-document-per-action-remediation-2026-08-08/plan-wave3.md,2291-2299,"section 2.3 Detector command contract","section 2.3 Detector command contract anchors the cited behavior at `| # | Check | Shape | Catches | |---|---|---|---| | **D-a** | COGS-bearing movement **above the watermark**, `unit_cost` non-null/non-zero, `is_historical = false`, `occurred_at` older than a **2h grace window**, and no `journal_entries` row on `(source_type ∈ InventoryGlSourceTypes::ALL, source_id = movement.id)` | le`",mapped,
plan-sections-0-through-4,63,StandaloneReceiptService.php:134,StandaloneReceiptService.php,134,apps/api/app/Modules/Procurement/Application/StandaloneReceiptService.php,134,execute(),"execute() anchors the cited behavior at `? $this->goodsReceiptService->post($draft, $input->actorId, null, true)`",mapped,
plan-sections-0-through-4,101,app/Modules/Inventory/Application/Services/WeightedAverageCostService.php:50-53,app/Modules/Inventory/Application/Services/WeightedAverageCostService.php,50-53,apps/api/app/Modules/Inventory/Application/Services/WeightedAverageCostService.php,52-55,scale(),"scale() anchors the cited behavior at `private function scale(): int { return $this->scaleResolver->getScale(); }`",mapped,
plan-sections-0-through-4,104,app/Shared/Infrastructure/CurrencyScaleResolver.php:44-52,app/Shared/Infrastructure/CurrencyScaleResolver.php,44-52,apps/api/app/Shared/Infrastructure/CurrencyScaleResolver.php,44-52,getScale(),"getScale() anchors the cited behavior at `if ($company === null) { throw new UnboundCompanyContextException( 'CurrencyScaleResolver::getScale() called with no currency code and no CompanyContext bound. ' .'Ensure CompanyContextMiddleware is applied or pass an explicit $currencyCode. '`",mapped,
plan-sections-0-through-4,114,app/Modules/Inventory/Domain/Services/StockAdjustmentService.php:60,app/Modules/Inventory/Domain/Services/StockAdjustmentService.php,60,apps/api/app/Modules/Inventory/Domain/Services/StockAdjustmentService.php,60,StockAdjustmentService,"StockAdjustmentService anchors the cited behavior at `private const COST_SCALE = 6;`",mapped,
plan-sections-0-through-4,128,"tests/Unit/Inventory/AdjustmentReasonSignPartitionTest.php:95,103,104",tests/Unit/Inventory/AdjustmentReasonSignPartitionTest.php,"95,103,104",apps/api/tests/Unit/Inventory/AdjustmentReasonSignPartitionTest.php,95-104,test_every_manual_reason_requires_a_gl_entry_so_g1_can_pick_the_document_up(),"test_every_manual_reason_requires_a_gl_entry_so_g1_can_pick_the_document_up() anchors the cited behavior at `$this->assertTrue($reason->requiresGLEntry(), ""{$reason->value} must require a GL entry.""); } } public function test_adjustment_negative_is_the_cost_neutral_representation_and_write_off_is_not(): void`",mapped,
plan-sections-0-through-4,128,ReturnScrapWriteOffService.php:223,ReturnScrapWriteOffService.php,223,apps/api/app/Modules/POS/Application/Services/ReturnScrapWriteOffService.php,223,writeOff(),"writeOff() anchors the cited behavior at `// already declares requiresGLEntry() === true) — landing it alone`",mapped,
plan-sections-0-through-4,128,StockAdjustmentDocumentService.php:336,StockAdjustmentDocumentService.php,336,apps/api/app/Modules/Inventory/Application/Services/StockAdjustmentDocumentService.php,336,cancel(),"cancel() anchors the cited behavior at `* and `write_off` both invert to `adjustment_positive`, and `affectsCOGS()``",mapped,
plan-sections-0-through-4,130,MovementReason.php:49-61,MovementReason.php,49-61,apps/api/app/Modules/Inventory/Domain/Enums/MovementReason.php,49-61,getMovementType(),"getMovementType() anchors the cited behavior at `public function getMovementType(): string { return match ($this) { self::GoodsReceipt, self::CustomerReturn,`",mapped,
plan-sections-0-through-4,150,app/Modules/Document/Domain/Services/DeliveryNoteService.php:240-273,app/Modules/Document/Domain/Services/DeliveryNoteService.php,240-273,apps/api/app/Modules/Document/Domain/Services/DeliveryNoteService.php,250-288,issueStock(),"issueStock() anchors the cited behavior at `private function issueStock(Document $deliveryNote): void { foreach ($deliveryNote->lines as $line) { // D-19 / T4: ONE physical predicate. The former guard read the // PHANTOM `is_service` (§0.15) and therefore issued stock for`",mapped,
plan-sections-0-through-4,153,app/Shared/Domain/Enums/StockMovementReferenceType.php:49,app/Shared/Domain/Enums/StockMovementReferenceType.php,49,apps/api/app/Shared/Domain/Enums/StockMovementReferenceType.php,49,name,"name anchors the cited behavior at `case Document = 'Document';`",mapped,
plan-sections-0-through-4,173,OrderToReceiptService.php:20,OrderToReceiptService.php,20,apps/api/app/Modules/POS/Application/Services/OrderToReceiptService.php,20,__construct(),"__construct() anchors the cited behavior at `private readonly ReceiptCreationService $receiptCreationService,`",mapped,
plan-sections-0-through-4,174,ExchangeService.php:74,ExchangeService.php,74,apps/api/app/Modules/POS/Application/Services/ExchangeService.php,74,__construct(),"__construct() anchors the cited behavior at `private readonly ReceiptCreationService $createService,`",mapped,
plan-sections-0-through-4,176,POS/routes.php:164-171,POS/routes.php,164-171,apps/api/app/Modules/POS/routes.php,164-171,"routes.php file scope","routes.php file scope anchors the cited behavior at `Route::post('/pos/receipts', function () { return response()->json([ 'error' => [ 'code' => 'NEW_SALE_AUTHORING_RETIRED', 'message' => 'POST /api/v1/pos/receipts is retired for new-sale SALE_RECEIPT authoring per fiscal Phase 1 §14.2. Receipts are now device-authored and ingested via POST /api/v1/pos/sync/fiscal-events`",mapped,
plan-sections-0-through-4,176,routes_orders.php:43-50,routes_orders.php,43-50,apps/api/app/Modules/POS/routes_orders.php,43-50,"routes_orders.php file scope","routes_orders.php file scope anchors the cited behavior at `Route::post('/pos/orders/{id}/close', function (string $id) { return response()->json([ 'error' => [ 'code' => 'NEW_SALE_AUTHORING_RETIRED', 'message' => 'POST /api/v1/pos/orders/{id}/close is retired for new-sale SALE_RECEIPT authoring per fiscal Phase 1 §14.2. Receipts are now device-authored and ingested via POST /a`",mapped,
plan-sections-0-through-4,201,GeneralLedgerService.php:4442,GeneralLedgerService.php,4442,apps/api/app/Modules/Accounting/Domain/Services/GeneralLedgerService.php,4707,createInventoryWriteOffEntry(),"createInventoryWriteOffEntry() anchors the cited behavior at `'journal_code' => JournalCode::fromSourceType('batch_write_off')->value,`",mapped,
plan-sections-0-through-4,211,BatchWriteOffService.php:122,BatchWriteOffService.php,122,apps/api/app/Modules/BatchExpiry/Domain/Services/BatchWriteOffService.php,122,writeOff(),"writeOff() anchors the cited behavior at `} catch (\RuntimeException $e) {`",mapped,
plan-sections-0-through-4,232,GLIntegrationTest.php:380,GLIntegrationTest.php,380,apps/api/tests/Feature/Accounting/GLIntegrationTest.php,380,test_cogs_posting_without_company_context_assigns_verifiable_chain_sequence(),"test_cogs_posting_without_company_context_assigns_verifiable_chain_sequence() anchors the cited behavior at `public function test_cogs_posting_without_company_context_assigns_verifiable_chain_sequence(): void`",mapped,
plan-sections-0-through-4,234,PostCOGSOnInvoice.php:79,PostCOGSOnInvoice.php,79,apps/api/app/Modules/Inventory/Listeners/PostCOGSOnInvoice.php,79,handle(),"handle() anchors the cited behavior at `documentNumber: $event->documentNumber,`",mapped,
plan-sections-0-through-4,235,PostCOGSOnInvoice.php:37,PostCOGSOnInvoice.php,37,apps/api/app/Modules/Inventory/Listeners/PostCOGSOnInvoice.php,37,__construct(),"__construct() anchors the cited behavior at `blank-line boundary immediately within the named symbol`",mapped,
plan-sections-0-through-4,240,app/Modules/Accounting/Domain/Enums/JournalCode.php:32-42,app/Modules/Accounting/Domain/Enums/JournalCode.php,32-42,apps/api/app/Modules/Accounting/Domain/Enums/JournalCode.php,32-42,fromSourceType(),"fromSourceType() anchors the cited behavior at `public static function fromSourceType(string $sourceType): self { return match ($sourceType) { 'invoice', 'credit_note' => self::Sales, 'supplier_invoice' => self::Purchase,`",mapped,
plan-sections-0-through-4,253,FranceChartOfAccountsSeeder.php:281,FranceChartOfAccountsSeeder.php,281,apps/api/database/seeders/FranceChartOfAccountsSeeder.php,289,aware,"aware anchors the cited behavior at `'system_purpose' => SystemAccountPurpose::CostOfGoodsSold->value, 'is_system' => true],`",mapped,
plan-sections-0-through-4,281,DocumentPostingService.php:623-624,DocumentPostingService.php,623-624,apps/api/app/Modules/Document/Domain/Services/DocumentPostingService.php,643-644,validateDeliveryCompliance(),"validateDeliveryCompliance() anchors the cited behavior at `// policy. Flattening it into the generic `\DomainException` below would // make the control depend on the entry point: every non-controller`",mapped,
plan-sections-0-through-4,294,DeliveryNoteService.php:243,DeliveryNoteService.php,243,apps/api/app/Modules/Document/Domain/Services/DeliveryNoteService.php,253,issueStock(),"issueStock() anchors the cited behavior at `// D-19 / T4: ONE physical predicate. The former guard read the`",mapped,
plan-sections-0-through-4,295,ReturnNoteService.php:647,ReturnNoteService.php,647,apps/api/app/Modules/Document/Domain/Services/ReturnNoteService.php,659,receiveStockBack(),"receiveStockBack() anchors the cited behavior at `$product = PhysicalLinePredicate::physicalProductFor($line);`",mapped,
plan-sections-0-through-4,295,SalesOrderService.php:118,SalesOrderService.php,118,apps/api/app/Modules/Document/Domain/Services/SalesOrderService.php,119,confirmAndReserveStock(),"confirmAndReserveStock() anchors the cited behavior at `// `product_id === null` skip further down (which ran AFTER the`",mapped,
plan-sections-0-through-4,296,RefundService.php:1094-1099,RefundService.php,1094-1099,apps/api/app/Modules/Document/Domain/Services/RefundService.php,1112-1117,cancellationBlockReason(),"cancellationBlockReason() anchors the cited behavior at `* The predicate is {@see PhysicalLinePredicate}, which is EXACTLY what * `ReturnNoteService::receiveStockBack()` keys on. That identity is the whole * point: the read model must not claim a return decision is needed for a line * that would not restock, nor the reverse. *`",mapped,
plan-sections-0-through-4,300,DocumentPostingService.php:605,DocumentPostingService.php,605,apps/api/app/Modules/Document/Domain/Services/DocumentPostingService.php,630,validateDeliveryCompliance(),"validateDeliveryCompliance() anchors the cited behavior at `return;`",mapped,
plan-sections-0-through-4,300,InvoiceController.php:892,InvoiceController.php,892,apps/api/app/Modules/Document/Presentation/Controllers/InvoiceController.php,1132,closeWithTolerance(),"closeWithTolerance() anchors the cited behavior at `}`",mapped,
plan-sections-0-through-4,300,Document.php:926,Document.php,926,apps/api/app/Modules/Document/Domain/Document.php,926,getFulfillmentStatus(),"getFulfillmentStatus() anchors the cited behavior at `->whereHas('product', fn (Builder $q) => $q->whereRaw('is_physical = true'))`",mapped,
plan-sections-0-through-4,301,PostCOGSOnInvoice.php:136,PostCOGSOnInvoice.php,136,apps/api/app/Modules/Inventory/Listeners/PostCOGSOnInvoice.php,136,extractPhysicalProductLines(),"extractPhysicalProductLines() anchors the cited behavior at `$product = $line->product;`",mapped,
plan-sections-0-through-4,302,GoodsReceiptService.php:480,GoodsReceiptService.php,480,apps/api/app/Modules/Inventory/Application/Services/GoodsReceiptService.php,519,processReceiptLines(),"processReceiptLines() anchors the cited behavior at `if ($product === null || ! $product->isPhysical()) {`",mapped,
plan-sections-0-through-4,330,GeneralLedgerService.php:4609-4612,GeneralLedgerService.php,4609-4612,apps/api/app/Modules/Accounting/Domain/Services/GeneralLedgerService.php,4874-4877,generateEntryNumber(),"generateEntryNumber() anchors the cited behavior at `if (DB::connection()->getDriverName() === 'pgsql') { DB::statement('SELECT pg_advisory_xact_lock(hashtextextended(?, 0))', [$companyId]); }`",mapped,
plan-sections-0-through-4,332,GeneralLedgerService.php:3256-3258,GeneralLedgerService.php,3256-3258,apps/api/app/Modules/Accounting/Domain/Services/GeneralLedgerService.php,3521-3523,sealAndPersistEntry(),"sealAndPersistEntry() anchors the cited behavior at `if (DB::connection()->getDriverName() === 'pgsql') { DB::statement('SELECT pg_advisory_xact_lock(hashtextextended(?, 0))', [$entry->company_id]); }`",mapped,
plan-sections-0-through-4,335,GeneralLedgerService.php:3248-3255,GeneralLedgerService.php,3248-3255,apps/api/app/Modules/Accounting/Domain/Services/GeneralLedgerService.php,3513-3520,sealAndPersistEntry(),"sealAndPersistEntry() anchors the cited behavior at `// Serialize chain-sequence + hash reads per company via a transaction-scoped // advisory lock (released at commit). Concurrent posts to one company would // otherwise race on these unlocked max() reads and allocate duplicate // chain_sequence — an FEC-sequentiality break (Task 7). This is step 1 of // every converged `",mapped,
plan-sections-0-through-4,342,ProductCostLock.php:44-49,ProductCostLock.php,44-49,apps/api/app/Modules/Inventory/Domain/Services/ProductCostLock.php,44-49,acquire(),"acquire() anchors the cited behavior at `sort($sorted, SORT_STRING); foreach ($sorted as $productId) { DB::statement('SELECT pg_advisory_xact_lock(hashtext(?))', [""wac:{$tenantId}:{$companyId}:{$productId}""]); }`",mapped,
plan-sections-0-through-4,349,GoodsReceiptService.php:543-552,GoodsReceiptService.php,543-552,apps/api/app/Modules/Inventory/Application/Services/GoodsReceiptService.php,582-591,processReceiptLines(),"processReceiptLines() anchors the cited behavior at `$pendingGlPostings[] = [ 'event' => new GoodsReceived( tenantId: $purchaseOrder->tenant_id, companyId: $purchaseOrder->company_id, productId: (string) $product->id,`",mapped,
plan-sections-0-through-4,350,EventServiceProvider.php:145-147,EventServiceProvider.php,145-147,apps/api/app/Providers/EventServiceProvider.php,145-147,EventServiceProvider,"EventServiceProvider anchors the cited behavior at `// Procurement-to-Pay: GR-IR accrual on goods receipt GoodsReceived::class => [ PostGrIrOnGoodsReceipt::class,`",mapped,
plan-sections-0-through-4,351,PostGrIrOnGoodsReceipt.php:26-56,PostGrIrOnGoodsReceipt.php,26-56,apps/api/app/Modules/Accounting/Listeners/PostGrIrOnGoodsReceipt.php,26-56,PostGrIrOnGoodsReceipt,"PostGrIrOnGoodsReceipt anchors the cited behavior at `{ public function __construct( private readonly GeneralLedgerService $glService, ) {}`",mapped,
plan-sections-0-through-4,353,GoodsReceiptService.php:241-244,GoodsReceiptService.php,241-244,apps/api/app/Modules/Inventory/Application/Services/GoodsReceiptService.php,242-245,post(),"post() anchors the cited behavior at `return $this->costLock->acquire( $purchaseOrder->tenant_id, $purchaseOrder->company_id, $productIds,`",mapped,
plan-sections-0-through-4,360,GoodsReceiptService.php:202,GoodsReceiptService.php,202,apps/api/app/Modules/Inventory/Application/Services/GoodsReceiptService.php,203,post(),"post() anchors the cited behavior at `public function post(GoodsReceipt $receipt, string $actorId, ?string $destinationLocationId = null, bool $failClosedGrir = false): GoodsReceipt`",mapped,
plan-sections-0-through-4,366,ReturnNoteService.php:698-712,ReturnNoteService.php,698-712,apps/api/app/Modules/Document/Domain/Services/ReturnNoteService.php,714-734,getOriginalCost(),"getOriginalCost() anchors the cited behavior at `{ // If return note references source document, get cost from there. // // NOTE (DPA Wave 3 §0b.3): on production data this branch is dead — // every writer of `document_lines.landed_unit_cost` is purchase-side, so`",mapped,
plan-sections-0-through-4,368,PurchaseOrderController.php:127,PurchaseOrderController.php,127,apps/api/app/Modules/Document/Presentation/Controllers/PurchaseOrderController.php,127,normalizePurchaseLine(),"normalizePurchaseLine() anchors the cited behavior at `$line['landed_unit_cost'] = CurrencyScale::bcformatStrict(bcdiv($lineTotal, $quantity, $this->scale() + 4), 6);`",mapped,
plan-sections-0-through-4,369,StandaloneReceiptService.php:290,StandaloneReceiptService.php,290,apps/api/app/Modules/Procurement/Application/StandaloneReceiptService.php,290,createPurchaseOrderLine(),"createPurchaseOrderLine() anchors the cited behavior at `'landed_unit_cost' => CurrencyScale::bcformatStrict($unitPrice, 6),`",mapped,
plan-sections-0-through-4,369,LandedCostService.php:372,LandedCostService.php,372,apps/api/app/Modules/Inventory/Application/Services/LandedCostService.php,372,getAllocationBreakdown(),"getAllocationBreakdown() anchors the cited behavior at `'landed_unit_cost' => $line->landed_unit_cost ?? $line->unit_price,`",mapped,
plan-sections-0-through-4,370,DocumentAdditionalCostController.php:152,DocumentAdditionalCostController.php,152,apps/api/app/Http/Controllers/Api/DocumentAdditionalCostController.php,152,landedCostBreakdown(),"landedCostBreakdown() anchors the cited behavior at `'landed_unit_cost' => $landedUnitCost,`",mapped,
plan-sections-0-through-4,370,GoodsReceiptService.php:177,GoodsReceiptService.php,177,apps/api/app/Modules/Inventory/Application/Services/GoodsReceiptService.php,178,createDraft(),"createDraft() anchors the cited behavior at `'landed_unit_cost' => null,`",mapped,
plan-sections-0-through-4,371,BackfillGoodsReceiptsCommand.php:473,BackfillGoodsReceiptsCommand.php,473,apps/api/app/Console/Commands/BackfillGoodsReceiptsCommand.php,473,createReceiptLine(),"createReceiptLine() anchors the cited behavior at `'landed_unit_cost' => CurrencyScale::bcround($basis, 6),`",mapped,
plan-sections-0-through-4,379,app/Modules/Inventory/Domain/StockMovement.php:182-192,app/Modules/Inventory/Domain/StockMovement.php,182-192,apps/api/app/Modules/Inventory/Domain/StockMovement.php,182-192,directionForRow(),"directionForRow() anchors the cited behavior at `public function directionForRow(): string { $cmp = bccomp((string) $this->quantity_after, (string) $this->quantity_before, 4); return match (true) {`",mapped,
plan-sections-0-through-4,388,GeneralLedgerService.php:3404,GeneralLedgerService.php,3404,apps/api/app/Modules/Accounting/Domain/Services/GeneralLedgerService.php,3669,createPOSPaymentEntry(),"createPOSPaymentEntry() anchors the cited behavior at `'entry_date' => $receipt->posted_at,`",mapped,
plan-sections-0-through-4,389,PosCoreReceiptProjection.php:274,PosCoreReceiptProjection.php,274,apps/api/app/Modules/POS/Application/Projections/PosCoreReceiptProjection.php,293,apply(),"apply() anchors the cited behavior at `$postedAt = $event->event_time_device;`",mapped,
plan-sections-0-through-4,390,GeneralLedgerService.php:4438,GeneralLedgerService.php,4438,apps/api/app/Modules/Accounting/Domain/Services/GeneralLedgerService.php,4703,createInventoryWriteOffEntry(),"createInventoryWriteOffEntry() anchors the cited behavior at `'entry_date' => now()->toDateString(),`",mapped,
plan-sections-0-through-4,398,GeneralLedgerService.php:4544-4546,GeneralLedgerService.php,4544-4546,apps/api/app/Modules/Accounting/Domain/Services/GeneralLedgerService.php,4809-4811,reverseInventoryWriteOffEntry(),"reverseInventoryWriteOffEntry() anchors the cited behavior at `'source_type' => 'batch_write_off_reversal', 'journal_code' => JournalCode::fromSourceType('batch_write_off_reversal')->value, 'source_id' => $reversalMovementId,`",mapped,
plan-sections-0-through-4,401,MovementReason.php:63-75,MovementReason.php,63-75,apps/api/app/Modules/Inventory/Domain/Enums/MovementReason.php,63-75,affectsCOGS(),"affectsCOGS() anchors the cited behavior at `public function affectsCOGS(): bool { return match ($this) { self::Delivery => true, self::CustomerReturn => true,`",mapped,
plan-sections-0-through-4,406,Product.php:314-317,Product.php,314-317,apps/api/app/Modules/Product/Domain/Product.php,322-325,resolveMovementUnitCost(),"resolveMovementUnitCost() anchors the cited behavior at `public function resolveMovementUnitCost(): string { return (string) ($this->cost_price ?? '0.00'); }`",mapped,
plan-sections-0-through-4,414,app/Modules/POS/routes.php:164-171,app/Modules/POS/routes.php,164-171,apps/api/app/Modules/POS/routes.php,164-171,"routes.php file scope","routes.php file scope anchors the cited behavior at `Route::post('/pos/receipts', function () { return response()->json([ 'error' => [ 'code' => 'NEW_SALE_AUTHORING_RETIRED', 'message' => 'POST /api/v1/pos/receipts is retired for new-sale SALE_RECEIPT authoring per fiscal Phase 1 §14.2. Receipts are now device-authored and ingested via POST /api/v1/pos/sync/fiscal-events`",mapped,
plan-sections-0-through-4,415,routes_orders.php:43-50,routes_orders.php,43-50,apps/api/app/Modules/POS/routes_orders.php,43-50,"routes_orders.php file scope","routes_orders.php file scope anchors the cited behavior at `Route::post('/pos/orders/{id}/close', function (string $id) { return response()->json([ 'error' => [ 'code' => 'NEW_SALE_AUTHORING_RETIRED', 'message' => 'POST /api/v1/pos/orders/{id}/close is retired for new-sale SALE_RECEIPT authoring per fiscal Phase 1 §14.2. Receipts are now device-authored and ingested via POST /a`",mapped,
plan-sections-0-through-4,424,vendor/laravel/framework/src/Illuminate/Database/DatabaseTransactionsManager.php:243-246,vendor/laravel/framework/src/Illuminate/Database/DatabaseTransactionsManager.php,243-246,apps/api/vendor/laravel/framework/src/Illuminate/Database/DatabaseTransactionsManager.php,243-246,afterCommitCallbacksShouldBeExecuted(),"afterCommitCallbacksShouldBeExecuted() anchors the cited behavior at `public function afterCommitCallbacksShouldBeExecuted($level) { return $level === 0; }`",mapped,
plan-sections-0-through-4,427,vendor/.../Foundation/Testing/RefreshDatabase.php:127-149,vendor/.../Foundation/Testing/RefreshDatabase.php,127-149,apps/api/vendor/laravel/framework/src/Illuminate/Foundation/Testing/RefreshDatabase.php,127-149,beginDatabaseTransaction(),"beginDatabaseTransaction() anchors the cited behavior at `public function beginDatabaseTransaction() { $database = $this->app->make('db'); $connections = $this->connectionsToTransact();`",mapped,
plan-sections-0-through-4,430,tests/Feature/Accounting/StockMovementGLIntegrationTest.php:323-332,tests/Feature/Accounting/StockMovementGLIntegrationTest.php,323-332,apps/api/tests/Feature/Accounting/StockMovementGLIntegrationTest.php,323-332,test_invoice_posted_listener_creates_posted_cogs_journal_entry(),"test_invoice_posted_listener_creates_posted_cogs_journal_entry() anchors the cited behavior at `public function test_invoice_posted_listener_creates_posted_cogs_journal_entry(): void { $product = $this->createPhysicalProduct('50.00'); $invoice = $this->createPostedInvoiceWithProducts([ ['product' => $product, 'quantity' => '2', 'unit_price' => '100.00'],`",mapped,
plan-sections-0-through-4,440,docs/handoff/HANDOVER-dpa-session2-2026-08-09.md:100,docs/handoff/HANDOVER-dpa-session2-2026-08-09.md,100,/Users/houssamr/Projects/syneriva/apps/erp/docs/handoff/HANDOVER-dpa-session2-2026-08-09.md,100,"section 7. Routed to the MAIN session (do not absorb)","section 7. Routed to the MAIN session (do not absorb) anchors the cited behavior at `T13 `fiscal:verify-chains` false-tamper P1 → launch fiscal-verifier gate. The 42-entry`",mapped,
plan-sections-0-through-4,458,DeliveryNoteService.php:242-244,DeliveryNoteService.php,242-244,apps/api/app/Modules/Document/Domain/Services/DeliveryNoteService.php,252-254,issueStock(),"issueStock() anchors the cited behavior at `foreach ($deliveryNote->lines as $line) { // D-19 / T4: ONE physical predicate. The former guard read the // PHANTOM `is_service` (§0.15) and therefore issued stock for`",mapped,
plan-sections-0-through-4,463,WeightedAverageCostService.php:429,WeightedAverageCostService.php,429,apps/api/app/Modules/Inventory/Application/Services/WeightedAverageCostService.php,443,recordSale(),"recordSale() anchors the cited behavior at `'occurred_at' => now(),`",mapped,
plan-sections-0-through-4,468,PosCoreReceiptProjection.php:1777,PosCoreReceiptProjection.php,1777,apps/api/app/Modules/POS/Application/Projections/PosCoreReceiptProjection.php,1870,decrementStock(),"decrementStock() anchors the cited behavior at `'quantity' => $quantity,`",mapped,
plan-sections-0-through-4,495,PosCoreReceiptProjection.php:1853-1865,PosCoreReceiptProjection.php,1853-1865,apps/api/app/Modules/POS/Application/Projections/PosCoreReceiptProjection.php,1953-1965,restockForLines(),"restockForLines() anchors the cited behavior at `if ($disposition === ReturnLineDisposition::Scrap) { $this->applyScrapDisposition( receiptId: $receiptId, event: $event, terminal: $terminal,`",mapped,
plan-sections-0-through-4,499,ReturnScrapWriteOffService.php:191-215,ReturnScrapWriteOffService.php,191-215,apps/api/app/Modules/POS/Application/Services/ReturnScrapWriteOffService.php,191-215,writeOff(),"writeOff() anchors the cited behavior at `$this->glService->createInventoryWriteOffEntry( companyId: $companyId, // The `batchNumber` parameter is the free-text source label the GL // narrative interpolates; a POS scrap has no lot, so it carries the // return receipt number instead. `source_type` stays`",mapped,
plan-sections-0-through-4,501,GeneralLedgerService.php:3257,GeneralLedgerService.php,3257,apps/api/app/Modules/Accounting/Domain/Services/GeneralLedgerService.php,3522,sealAndPersistEntry(),"sealAndPersistEntry() anchors the cited behavior at `DB::statement('SELECT pg_advisory_xact_lock(hashtextextended(?, 0))', [$entry->company_id]);`",mapped,
plan-sections-0-through-4,505,PosCoreReceiptProjection.php:2074,PosCoreReceiptProjection.php,2074,apps/api/app/Modules/POS/Application/Projections/PosCoreReceiptProjection.php,2174,restockStock(),"restockStock() anchors the cited behavior at `$stockLevel = $stockLevelQuery->lockForUpdate()->first();`",mapped,
plan-sections-0-through-4,511,ApplyFiscalEventProjectionJob.php:158,ApplyFiscalEventProjectionJob.php,158,apps/api/app/Modules/Fiscal/Application/Jobs/ApplyFiscalEventProjectionJob.php,158,ApplyFiscalEventProjectionJob,"ApplyFiscalEventProjectionJob anchors the cited behavior at `public int $tries = 5;`",mapped,
plan-sections-0-through-4,528,ReturnScrapWriteOffService.php:216-227,ReturnScrapWriteOffService.php,216-227,apps/api/app/Modules/POS/Application/Services/ReturnScrapWriteOffService.php,216-227,writeOff(),"writeOff() anchors the cited behavior at `// ── GL ORDERING DEPENDENCY (gate inv-I1) ────────────────────────── // This posting is economically correct TODAY only because two other // postings are absent, and they must land TOGETHER or this breaks: // * POS COGS-at-exit (a POS sale currently posts no COGS) — landing`",mapped,
plan-sections-0-through-4,539,DeliveryNoteService.php:78,DeliveryNoteService.php,78,apps/api/app/Modules/Document/Domain/Services/DeliveryNoteService.php,88,confirm(),"confirm() anchors the cited behavior at `return DB::transaction(function () use ($deliveryNote): Document {`",mapped,
plan-sections-0-through-4,539,DeliveryNoteService.php:113-117,DeliveryNoteService.php,113-117,apps/api/app/Modules/Document/Domain/Services/DeliveryNoteService.php,123-127,confirmWithFiscalChain(),"confirmWithFiscalChain() anchors the cited behavior at `// Set quantity_delivered on each line to match quantity (full delivery) foreach ($deliveryNote->lines as $line) { $line->update([ 'quantity_delivered' => $line->quantity, ]);`",mapped,
plan-sections-0-through-4,539,DocumentPostingService.php:446,DocumentPostingService.php,446,apps/api/app/Modules/Document/Domain/Services/DocumentPostingService.php,468,postWithFiscalChain(),"postWithFiscalChain() anchors the cited behavior at `->lockForUpdate()`",mapped,
plan-sections-0-through-4,545,DocumentPostingService.php:485-488,DocumentPostingService.php,485-488,apps/api/app/Modules/Document/Domain/Services/DocumentPostingService.php,507-510,postWithFiscalChain(),"postWithFiscalChain() anchors the cited behavior at `// to prevent listener failures from rolling back the fiscal chain) DB::afterCommit(function () use ($document, $postedAt): void { $this->dispatchPostedEvent($document, $postedAt->toIso8601String()); });`",mapped,
plan-sections-0-through-4,570,FranceChartOfAccountsSeeder.php:281,FranceChartOfAccountsSeeder.php,281,apps/api/database/seeders/FranceChartOfAccountsSeeder.php,289,aware,"aware anchors the cited behavior at `'system_purpose' => SystemAccountPurpose::CostOfGoodsSold->value, 'is_system' => true],`",mapped,
plan-sections-0-through-4,570,TunisiaChartOfAccountsSeeder.php:235,TunisiaChartOfAccountsSeeder.php,235,apps/api/database/seeders/TunisiaChartOfAccountsSeeder.php,235,getAccountsDefinition(),"getAccountsDefinition() anchors the cited behavior at `'system_purpose' => SystemAccountPurpose::CostOfGoodsSold->value, 'is_system' => true],`",mapped,
plan-sections-0-through-4,570,GenericChartOfAccountsSeeder.php:165,GenericChartOfAccountsSeeder.php,165,apps/api/database/seeders/GenericChartOfAccountsSeeder.php,165,getAccountsDefinition(),"getAccountsDefinition() anchors the cited behavior at `'system_purpose' => SystemAccountPurpose::CostOfGoodsSold->value, 'is_system' => true],`",mapped,
plan-sections-0-through-4,581,InventoryServiceProvider.php:77,InventoryServiceProvider.php,77,apps/api/app/Modules/Inventory/Providers/InventoryServiceProvider.php,77,registerEventListeners(),"registerEventListeners() anchors the cited behavior at `Event::listen(InvoicePosted::class, PostCOGSOnInvoice::class);`",mapped,
plan-sections-0-through-4,585,FranceChartOfAccountsSeeder.php:275-279,FranceChartOfAccountsSeeder.php,275-279,apps/api/database/seeders/FranceChartOfAccountsSeeder.php,283-287,aware,"aware anchors the cited behavior at `// 2052 line ""Achats de marchandises"" stays structurally 0.00. The P&L // TOTAL is correct; the FS/FT split is not the conventional PCG // presentation. Not a regression (TN behaves the same) and not a // blocker — but the expert must rule on the presentation before the // first liasse, not at filing. Register H-5 carr`",mapped,
plan-sections-0-through-4,592,StockAdjustmentService.php:1419,StockAdjustmentService.php,1419,apps/api/app/Modules/Inventory/Domain/Services/StockAdjustmentService.php,1419,postCountOpening(),"postCountOpening() anchors the cited behavior at `unitCost: $openingUnitCost,`",mapped,
plan-sections-0-through-4,604,DeliveredQuantityResolver.php:287,DeliveredQuantityResolver.php,287,apps/api/app/Modules/Document/Domain/Services/DeliveredQuantityResolver.php,373,linkedDeliveryNoteIdsFor(),"linkedDeliveryNoteIdsFor() anchors the cited behavior at `public function linkedDeliveryNoteIdsFor(Document $invoice): array`",mapped,
plan-sections-0-through-4,611,PosCoreReceiptProjection.php:1781-1782,PosCoreReceiptProjection.php,1781-1782,apps/api/app/Modules/POS/Application/Projections/PosCoreReceiptProjection.php,1881-1882,decrementStock(),"decrementStock() anchors the cited behavior at `'reference_type' => 'pos_receipt', 'reference_id' => $receiptId,`",mapped,
plan-sections-0-through-4,681,InvoiceController.php:767,InvoiceController.php,767,apps/api/app/Modules/Document/Presentation/Controllers/InvoiceController.php,808,confirmDeliveriesAndPost(),"confirmDeliveriesAndPost() anchors the cited behavior at `$confirmed = $this->deliveryNoteService->confirm($dn);`",mapped,
plan-sections-0-through-4,682,DeliveryNoteController.php:330,DeliveryNoteController.php,330,apps/api/app/Modules/Document/Presentation/Controllers/DeliveryNoteController.php,330,confirm(),"confirm() anchors the cited behavior at `return $this->deliveryNoteService->confirm($lockedDocument);`",mapped,
plan-sections-0-through-4,709,ApplyFiscalEventProjectionJob.php:158,ApplyFiscalEventProjectionJob.php,158,apps/api/app/Modules/Fiscal/Application/Jobs/ApplyFiscalEventProjectionJob.php,158,ApplyFiscalEventProjectionJob,"ApplyFiscalEventProjectionJob anchors the cited behavior at `public int $tries = 5;`",mapped,
plan-sections-0-through-4,745,ReturnScrapWriteOffService.php:209-213,ReturnScrapWriteOffService.php,209-213,apps/api/app/Modules/POS/Application/Services/ReturnScrapWriteOffService.php,209-213,writeOff(),"writeOff() anchors the cited behavior at `// Seal INSIDE this transaction (gate I1). The default afterCommit // path would post from a Horizon worker in autocommit, where the // per-company chain advisory lock is a no-op (duplicate // chain_sequence) and a post-commit throw would leave the entry // Draft forever — invisible to every trial balance.`",mapped,
plan-sections-0-through-4,771,app/Modules/Procurement/Application/StandaloneReceiptService.php:133-135,app/Modules/Procurement/Application/StandaloneReceiptService.php,133-135,apps/api/app/Modules/Procurement/Application/StandaloneReceiptService.php,133-135,execute(),"execute() anchors the cited behavior at `$receipt = $input->postImmediately ? $this->goodsReceiptService->post($draft, $input->actorId, null, true) : $draft;`",mapped,
plan-sections-0-through-4,776,GoodsReceiptService.php:202,GoodsReceiptService.php,202,apps/api/app/Modules/Inventory/Application/Services/GoodsReceiptService.php,203,post(),"post() anchors the cited behavior at `public function post(GoodsReceipt $receipt, string $actorId, ?string $destinationLocationId = null, bool $failClosedGrir = false): GoodsReceipt`",mapped,
plan-sections-0-through-4,801,GoodsReceiptController.php:124,GoodsReceiptController.php,124,apps/api/app/Modules/Inventory/Presentation/Controllers/GoodsReceiptController.php,124,post(),"post() anchors the cited behavior at `$posted = $this->goodsReceiptService->post($this->receiptForCurrentCompany($receipt), $user->id, $destinationLocationId);`",mapped,
plan-sections-0-through-4,802,ReturnNoteController.php:427,ReturnNoteController.php,427,apps/api/app/Modules/Document/Presentation/Controllers/ReturnNoteController.php,427,confirm(),"confirm() anchors the cited behavior at `$confirmedReturnNote = $this->returnNoteService->confirm(`",mapped,
plan-sections-0-through-4,803,ApplyFiscalEventProjectionJob.php:394,ApplyFiscalEventProjectionJob.php,394,apps/api/app/Modules/Fiscal/Application/Jobs/ApplyFiscalEventProjectionJob.php,394,handle(),"handle() anchors the cited behavior at `$projector->apply($event);`",mapped,
plan-sections-0-through-4,820,WeightedAverageCostService.php:441-457,WeightedAverageCostService.php,441-457,apps/api/app/Modules/Inventory/Application/Services/WeightedAverageCostService.php,455-471,recordSale(),"recordSale() anchors the cited behavior at `// Dispatch StockMovementRecorded event for audit trail - AFTER transaction commits DB::afterCommit(function () use ( $movementSnapshot, $productSnapshot,`",mapped,
plan-sections-0-through-4,833,MovementReason.php:20-24,MovementReason.php,20-24,apps/api/app/Modules/Inventory/Domain/Enums/MovementReason.php,20-24,MovementReason,"MovementReason anchors the cited behavior at `case AdjustmentNegative = 'adjustment_negative'; // Bidirectional: a count correction can be positive or negative. Its actual // direction is on the movement row (quantity_before -> quantity_after), so use // StockMovement::directionForRow() rather than getMovementType() for it. case CountCorrection = 'count_correction`",mapped,
plan-sections-0-through-4,843,StockAdjustmentService.php:1152-1158,StockAdjustmentService.php,1152-1158,apps/api/app/Modules/Inventory/Domain/Services/StockAdjustmentService.php,1152-1158,issueFromDefaultBatchByDelta(),"issueFromDefaultBatchByDelta() anchors the cited behavior at `if (bccomp($drain, '0', self::SCALE) <= 0) { return; }`",mapped,
plan-sections-0-through-4,889,createCOGSEntry.php:1690-1698,createCOGSEntry.php,1690-1698,apps/api/app/Modules/Accounting/Domain/Services/GeneralLedgerService.php,1860-1868,createCOGSEntry(),"createCOGSEntry() anchors the cited behavior at `// // unit_cost carries the perpetual WAC at higher internal precision (6 dp, // see WeightedAverageCostService::COST_SCALE). We therefore accumulate // quantity × unit_cost at a HIGH working precision (no per-line truncation // that would bias the total downward / violate NC 01 §62) and round the`",mapped,
plan-sections-0-through-4,895,StockMovement.php:182-192,StockMovement.php,182-192,apps/api/app/Modules/Inventory/Domain/StockMovement.php,182-192,directionForRow(),"directionForRow() anchors the cited behavior at `public function directionForRow(): string { $cmp = bccomp((string) $this->quantity_after, (string) $this->quantity_before, 4); return match (true) {`",mapped,
plan-sections-0-through-4,900,PosCoreReceiptProjection.php:1763,PosCoreReceiptProjection.php,1763,apps/api/app/Modules/POS/Application/Projections/PosCoreReceiptProjection.php,1854,decrementStock(),"decrementStock() anchors the cited behavior at `$quantityAfter = bcsub($stockQty, $qty, 4); // 4 = canonical quantity storage scale`",mapped,
plan-sections-0-through-4,901,WeightedAverageCostService.php:397,WeightedAverageCostService.php,397,apps/api/app/Modules/Inventory/Application/Services/WeightedAverageCostService.php,410,recordSale(),"recordSale() anchors the cited behavior at `$quantityStr = CurrencyScale::bcformat($quantity, 4);`",mapped,
plan-sections-0-through-4,903,WeightedAverageCostService.php:419,WeightedAverageCostService.php,419,apps/api/app/Modules/Inventory/Application/Services/WeightedAverageCostService.php,433,recordSale(),"recordSale() anchors the cited behavior at `'quantity' => bcmul($quantityStr, '-1', 4),`",mapped,
plan-sections-0-through-4,904,PosCoreReceiptProjection.php:1777,PosCoreReceiptProjection.php,1777,apps/api/app/Modules/POS/Application/Projections/PosCoreReceiptProjection.php,1870,decrementStock(),"decrementStock() anchors the cited behavior at `'quantity' => $quantity,`",mapped,
plan-sections-0-through-4,923,StockMovement.php:182-192,StockMovement.php,182-192,apps/api/app/Modules/Inventory/Domain/StockMovement.php,182-192,directionForRow(),"directionForRow() anchors the cited behavior at `public function directionForRow(): string { $cmp = bccomp((string) $this->quantity_after, (string) $this->quantity_before, 4); return match (true) {`",mapped,
plan-sections-0-through-4,937,GeneralLedgerService.php:4444,GeneralLedgerService.php,4444,apps/api/app/Modules/Accounting/Domain/Services/GeneralLedgerService.php,4709,createInventoryWriteOffEntry(),"createInventoryWriteOffEntry() anchors the cited behavior at `]);`",mapped,
plan-sections-0-through-4,998,GeneralLedgerService.php:4544-4546,GeneralLedgerService.php,4544-4546,apps/api/app/Modules/Accounting/Domain/Services/GeneralLedgerService.php,4809-4811,reverseInventoryWriteOffEntry(),"reverseInventoryWriteOffEntry() anchors the cited behavior at `'source_type' => 'batch_write_off_reversal', 'journal_code' => JournalCode::fromSourceType('batch_write_off_reversal')->value, 'source_id' => $reversalMovementId,`",mapped,
plan-sections-0-through-4,1022,GeneralLedgerService.php:3404,GeneralLedgerService.php,3404,apps/api/app/Modules/Accounting/Domain/Services/GeneralLedgerService.php,3669,createPOSPaymentEntry(),"createPOSPaymentEntry() anchors the cited behavior at `'entry_date' => $receipt->posted_at,`",mapped,
plan-sections-0-through-4,1023,PosCoreReceiptProjection.php:274,PosCoreReceiptProjection.php,274,apps/api/app/Modules/POS/Application/Projections/PosCoreReceiptProjection.php,293,apply(),"apply() anchors the cited behavior at `$postedAt = $event->event_time_device;`",mapped,
plan-sections-0-through-4,1031,GeneralLedgerService.php:4438,GeneralLedgerService.php,4438,apps/api/app/Modules/Accounting/Domain/Services/GeneralLedgerService.php,4703,createInventoryWriteOffEntry(),"createInventoryWriteOffEntry() anchors the cited behavior at `'entry_date' => now()->toDateString(),`",mapped,
plan-sections-0-through-4,1097,ApplyFiscalEventProjectionJob.php:158,ApplyFiscalEventProjectionJob.php,158,apps/api/app/Modules/Fiscal/Application/Jobs/ApplyFiscalEventProjectionJob.php,158,ApplyFiscalEventProjectionJob,"ApplyFiscalEventProjectionJob anchors the cited behavior at `public int $tries = 5;`",mapped,
plan-sections-0-through-4,1140,StandaloneReceiptService.php:134,StandaloneReceiptService.php,134,apps/api/app/Modules/Procurement/Application/StandaloneReceiptService.php,134,execute(),"execute() anchors the cited behavior at `? $this->goodsReceiptService->post($draft, $input->actorId, null, true)`",mapped,
plan-sections-0-through-4,1168,GeneralLedgerService.php:3248-3255,GeneralLedgerService.php,3248-3255,apps/api/app/Modules/Accounting/Domain/Services/GeneralLedgerService.php,3513-3520,sealAndPersistEntry(),"sealAndPersistEntry() anchors the cited behavior at `// Serialize chain-sequence + hash reads per company via a transaction-scoped // advisory lock (released at commit). Concurrent posts to one company would // otherwise race on these unlocked max() reads and allocate duplicate // chain_sequence — an FEC-sequentiality break (Task 7). This is step 1 of // every converged `",mapped,
plan-sections-0-through-4,1219,ReturnScrapWriteOffService.php:191-215,ReturnScrapWriteOffService.php,191-215,apps/api/app/Modules/POS/Application/Services/ReturnScrapWriteOffService.php,191-215,writeOff(),"writeOff() anchors the cited behavior at `$this->glService->createInventoryWriteOffEntry( companyId: $companyId, // The `batchNumber` parameter is the free-text source label the GL // narrative interpolates; a POS scrap has no lot, so it carries the // return receipt number instead. `source_type` stays`",mapped,
plan-sections-0-through-4,1221,PosCoreReceiptProjection.php:1853-1865,PosCoreReceiptProjection.php,1853-1865,apps/api/app/Modules/POS/Application/Projections/PosCoreReceiptProjection.php,1953-1965,restockForLines(),"restockForLines() anchors the cited behavior at `if ($disposition === ReturnLineDisposition::Scrap) { $this->applyScrapDisposition( receiptId: $receiptId, event: $event, terminal: $terminal,`",mapped,
plan-sections-0-through-4,1229,GeneralLedgerService.php:2514,GeneralLedgerService.php,2514,apps/api/app/Modules/Accounting/Domain/Services/GeneralLedgerService.php,2684,createVoucherLedgerEntry(),"createVoucherLedgerEntry() anchors the cited behavior at `public function createVoucherLedgerEntry(VoucherLedger $ledgerRow, Voucher $voucher): JournalEntry`",mapped,
plan-sections-0-through-4,1246,EventServiceProvider.php:145-147,EventServiceProvider.php,145-147,apps/api/app/Providers/EventServiceProvider.php,145-147,EventServiceProvider,"EventServiceProvider anchors the cited behavior at `// Procurement-to-Pay: GR-IR accrual on goods receipt GoodsReceived::class => [ PostGrIrOnGoodsReceipt::class,`",mapped,
plan-sections-0-through-4,1248,PostGrIrOnGoodsReceipt.php:41-55,PostGrIrOnGoodsReceipt.php,41-55,apps/api/app/Modules/Accounting/Listeners/PostGrIrOnGoodsReceipt.php,41-55,handle(),"handle() anchors the cited behavior at `} catch (\Throwable $e) { // Log the error but do not re-throw — failure to post GL must not // block the goods receipt (the stock movement has already committed). // Ops can replay the GoodsReceived event or create the GL entry manually. Log::error('PostGrIrOnGoodsReceipt: failed to post GR-IR entry', [`",mapped,
plan-sections-0-through-4,1262,PosCoreReceiptProjection.php:1968-2013,PosCoreReceiptProjection.php,1968-2013,apps/api/app/Modules/POS/Application/Projections/PosCoreReceiptProjection.php,2068-2113,applyScrapDisposition(),"applyScrapDisposition() anchors the cited behavior at `try { DB::transaction(function () use ($receiptId, $event, $terminal, $view, $productId, $quantity, $qty, $variantId): void { $this->restockStock( tenantId: $event->tenant_id, companyId: $event->company_id,`",mapped,
plan-sections-0-through-4,1306,DeliveryNoteService.php:96-97,DeliveryNoteService.php,96-97,apps/api/app/Modules/Document/Domain/Services/DeliveryNoteService.php,106-107,confirmWithFiscalChain(),"confirmWithFiscalChain() anchors the cited behavior at `->orderByDesc('chain_sequence') ->lockForUpdate()`",mapped,
plan-sections-0-through-4,1330,DeliveryNoteService.php:91-97,DeliveryNoteService.php,91-97,apps/api/app/Modules/Document/Domain/Services/DeliveryNoteService.php,101-107,confirmWithFiscalChain(),"confirmWithFiscalChain() anchors the cited behavior at `// Acquire lock and get previous delivery note in chain $previousDoc = Document::where('company_id', $deliveryNote->company_id) ->where('type', DocumentType::DeliveryNote) ->where('status', DocumentStatus::Confirmed) ->whereNotNull('fiscal_hash')`",mapped,
plan-sections-0-through-4,1330,WeightedAverageCostService.php:379-385,WeightedAverageCostService.php,379-385,apps/api/app/Modules/Inventory/Application/Services/WeightedAverageCostService.php,392-398,recordSale(),"recordSale() anchors the cited behavior at `$stockLevel = StockLevel::where('product_id', $product->id) ->where('location_id', $location->id) ->where('tenant_id', $product->tenant_id) ->where('company_id', $product->company_id) ->lockForUpdate()`",mapped,
plan-sections-0-through-4,1331,ReturnNoteService.php:497,ReturnNoteService.php,497,apps/api/app/Modules/Document/Domain/Services/ReturnNoteService.php,509,confirm(),"confirm() anchors the cited behavior at `return $this->costLock->acquire($returnNote->tenant_id, $returnNote->company_id, $productIds, function () use ($returnNote, $actorId): Document {`",mapped,
plan-sections-0-through-4,1331,WeightedAverageCostService.php:485,WeightedAverageCostService.php,485,apps/api/app/Modules/Inventory/Application/Services/WeightedAverageCostService.php,505,recordReturn(),"recordReturn() anchors the cited behavior at `return $this->costLock->acquire($product->tenant_id, $product->company_id, [$product->id], function () use ($product, $location, $quantity, $originalCost, $reference, $referenceType, $referenceId): StockMovement {`",mapped,
plan-sections-0-through-4,1336,InvoiceController.php:761,InvoiceController.php,761,apps/api/app/Modules/Document/Presentation/Controllers/InvoiceController.php,802,confirmDeliveriesAndPost(),"confirmDeliveriesAndPost() anchors the cited behavior at `try {`",mapped,
plan-sections-0-through-4,1336,DocumentPostingService.php:446,DocumentPostingService.php,446,apps/api/app/Modules/Document/Domain/Services/DocumentPostingService.php,468,postWithFiscalChain(),"postWithFiscalChain() anchors the cited behavior at `->lockForUpdate()`",mapped,
plan-sections-0-through-4,1337,RefundService.php:80,RefundService.php,80,apps/api/app/Modules/Document/Domain/Services/RefundService.php,81,cancelInvoice(),"cancelInvoice() anchors the cited behavior at `return DB::transaction(fn (): Document => $this->cancelInvoiceWithDecision(`",mapped,
plan-sections-0-through-4,1370,PosCoreReceiptProjection.php:1913-1922,PosCoreReceiptProjection.php,1913-1922,apps/api/app/Modules/POS/Application/Projections/PosCoreReceiptProjection.php,2013-2022,restockForLines(),"restockForLines() anchors the cited behavior at `* * **A projector may never REJECT an already-signed event** (Model 1, §4.1). * The pair therefore runs inside its own SAVEPOINT: if either leg throws * (archived product, variant-grain mismatch, insufficient available * quantity), BOTH legs roll back and the line falls back to the previous`",mapped,
plan-sections-0-through-4,1376,ApplyFiscalEventProjectionJob.php:158,ApplyFiscalEventProjectionJob.php,158,apps/api/app/Modules/Fiscal/Application/Jobs/ApplyFiscalEventProjectionJob.php,158,ApplyFiscalEventProjectionJob,"ApplyFiscalEventProjectionJob anchors the cited behavior at `public int $tries = 5;`",mapped,
plan-sections-0-through-4,1394,GeneralLedgerService.php:3266-3268,GeneralLedgerService.php,3266-3268,apps/api/app/Modules/Accounting/Domain/Services/GeneralLedgerService.php,3531-3533,sealAndPersistEntry(),"sealAndPersistEntry() anchors the cited behavior at `if ($this->fiscalPeriodResolver->isDateInClosedPeriod($entry->company_id, $entry->entry_date)) { throw new ClosedFiscalPeriodException($entry->company_id, $entry->entry_date->toDateString()); }`",mapped,
plan-sections-0-through-4,1410,PosCoreReceiptProjection.php:1996-2011,PosCoreReceiptProjection.php,1996-2011,apps/api/app/Modules/POS/Application/Projections/PosCoreReceiptProjection.php,2096-2111,applyScrapDisposition(),"applyScrapDisposition() anchors the cited behavior at `} catch (\Throwable $e) { // Gate C2: a retryable concurrency fault is NOT the projector // rejecting a signed event — it is infrastructure, and the job's own // retry is the correct handling. Swallowing it silently loses the // whole receipt (see the method docblock).`",mapped,
plan-sections-0-through-4,1419,JournalCode.php:32-42,JournalCode.php,32-42,apps/api/app/Modules/Accounting/Domain/Enums/JournalCode.php,32-42,fromSourceType(),"fromSourceType() anchors the cited behavior at `public static function fromSourceType(string $sourceType): self { return match ($sourceType) { 'invoice', 'credit_note' => self::Sales, 'supplier_invoice' => self::Purchase,`",mapped,
plan-sections-0-through-4,1432,app/Modules/Inventory/Providers/InventoryServiceProvider.php:77,app/Modules/Inventory/Providers/InventoryServiceProvider.php,77,apps/api/app/Modules/Inventory/Providers/InventoryServiceProvider.php,77,registerEventListeners(),"registerEventListeners() anchors the cited behavior at `Event::listen(InvoicePosted::class, PostCOGSOnInvoice::class);`",mapped,
plan-sections-0-through-4,1448,PostCOGSOnInvoice.php:72-79,PostCOGSOnInvoice.php,72-79,apps/api/app/Modules/Inventory/Listeners/PostCOGSOnInvoice.php,72-79,handle(),"handle() anchors the cited behavior at `return; } $entry = $this->glService->createCOGSEntry(`",mapped,
plan-sections-0-through-4,1481,WeightedAverageCostService.php:423,WeightedAverageCostService.php,423,apps/api/app/Modules/Inventory/Application/Services/WeightedAverageCostService.php,437,recordSale(),"recordSale() anchors the cited behavior at `'total_cost' => CurrencyScale::bcformat(bcmul($quantityStr, $costPriceStr, $working), $costScale),`",mapped,
plan-sections-0-through-4,1500,PosCoreReceiptProjection.php:201-204,PosCoreReceiptProjection.php,201-204,apps/api/app/Modules/POS/Application/Projections/PosCoreReceiptProjection.php,220-223,apply(),"apply() anchors the cited behavior at `// Fast-path idempotency probe. if (Receipt::query()->where('fiscal_event_id', $event->id)->exists()) { return; }`",mapped,
plan-sections-0-through-4,1521,DocumentPostingService.php:616-620,DocumentPostingService.php,616-620,apps/api/app/Modules/Document/Domain/Services/DocumentPostingService.php,634-640,validateDeliveryCompliance(),"validateDeliveryCompliance() anchors the cited behavior at `// recorded exemption. See {@see PostingContext} for why this is a caller // context and not a document-shape test, and // {@see isExemptFromDeliveryRequirement()} for the two conditions. if ($status->code === DeliveryComplianceCode::DeliveryRequiredBeforeInvoice && $this->isExemptFromDeliveryRequirement($invoice, $con`",mapped,
plan-sections-0-through-4,1555,FranceChartOfAccountsSeeder.php:281,FranceChartOfAccountsSeeder.php,281,apps/api/database/seeders/FranceChartOfAccountsSeeder.php,289,aware,"aware anchors the cited behavior at `'system_purpose' => SystemAccountPurpose::CostOfGoodsSold->value, 'is_system' => true],`",mapped,
plan-sections-0-through-4,1583,DeliveredQuantityResolver.php:251-262,DeliveredQuantityResolver.php,251-262,apps/api/app/Modules/Document/Domain/Services/DeliveredQuantityResolver.php,281-292,invoiceIdsBackedByDeliveryNote(),"invoiceIdsBackedByDeliveryNote() anchors the cited behavior at `public function invoiceIdsBackedByDeliveryNote(Document $deliveryNote): array { if ($deliveryNote->type !== DocumentType::DeliveryNote) { return []; }`",mapped,
plan-sections-0-through-4,1604,DocumentPostingService.php:621-624,DocumentPostingService.php,621-624,apps/api/app/Modules/Document/Domain/Services/DocumentPostingService.php,641-644,validateDeliveryCompliance(),"validateDeliveryCompliance() anchors the cited behavior at `// 🚨 T25b — the compliance refusal is TYPED and carries the resolved // policy. Flattening it into the generic `\DomainException` below would // make the control depend on the entry point: every non-controller`",mapped,
plan-sections-0-through-4,1605,DeliveryNoteToInvoiceConverter.php:150,DeliveryNoteToInvoiceConverter.php,150,apps/api/app/Modules/Document/Domain/Services/Conversion/Converters/DeliveryNoteToInvoiceConverter.php,150,convertSingleDeliveryNote(),"convertSingleDeliveryNote() anchors the cited behavior at `$invoicePayload['source_delivery_note_ids'] = [$dn->id];`",mapped,
plan-sections-0-through-4,1659,plan-advance-reversal.md:727-728,plan-advance-reversal.md,727-728,.superpowers/sdd/HANDOVER-document-per-action-remediation-2026-08-08/plan-advance-reversal.md,727-728,"section 3. Tasks (12) — TDD, red first","section 3. Tasks (12) — TDD, red first anchors the cited behavior at `asserts they sum to the nominal. `performCancellation()` derives the partition through the **same** reader for the standalone `cancel()``",mapped,
plan-sections-0-through-4,1661,app/Modules/Document/Domain/Enums/DocumentType.php:9-20,app/Modules/Document/Domain/Enums/DocumentType.php,9-20,apps/api/app/Modules/Document/Domain/Enums/DocumentType.php,9-20,DocumentType,"DocumentType anchors the cited behavior at `case Quote = 'quote'; case SalesOrder = 'sales_order'; case PurchaseOrder = 'purchase_order'; case Invoice = 'invoice'; case CreditNote = 'credit_note';`",mapped,
plan-sections-0-through-4,1675,DeliveryNoteService.php:243,DeliveryNoteService.php,243,apps/api/app/Modules/Document/Domain/Services/DeliveryNoteService.php,253,issueStock(),"issueStock() anchors the cited behavior at `// D-19 / T4: ONE physical predicate. The former guard read the`",mapped,
plan-sections-0-through-4,1675,ReturnNoteService.php:647,ReturnNoteService.php,647,apps/api/app/Modules/Document/Domain/Services/ReturnNoteService.php,659,receiveStockBack(),"receiveStockBack() anchors the cited behavior at `$product = PhysicalLinePredicate::physicalProductFor($line);`",mapped,
plan-sections-0-through-4,1676,SalesOrderService.php:118,SalesOrderService.php,118,apps/api/app/Modules/Document/Domain/Services/SalesOrderService.php,119,confirmAndReserveStock(),"confirmAndReserveStock() anchors the cited behavior at `// `product_id === null` skip further down (which ran AFTER the`",mapped,
plan-sections-0-through-4,1688,MovementReason.php:84-85,MovementReason.php,84-85,apps/api/app/Modules/Inventory/Domain/Enums/MovementReason.php,84-85,requiresGLEntry(),"requiresGLEntry() anchors the cited behavior at `self::Damage => true, self::Expiry => true,`",mapped,
plan-sections-0-through-4,1698,StockAdjustmentDocumentService.php:252-268,StockAdjustmentDocumentService.php,252-268,apps/api/app/Modules/Inventory/Application/Services/StockAdjustmentDocumentService.php,252-268,post(),"post() anchors the cited behavior at `$movement = $this->stockAdjustmentService->adjustByDelta( productId: $line->product_id, locationId: $adjustment->location_id, deltaQuantity: $delta, reference: (string) $adjustment->adjustment_number,`",mapped,
plan-sections-0-through-4,1706,MovementReason.php:63-75,MovementReason.php,63-75,apps/api/app/Modules/Inventory/Domain/Enums/MovementReason.php,63-75,affectsCOGS(),"affectsCOGS() anchors the cited behavior at `public function affectsCOGS(): bool { return match ($this) { self::Delivery => true, self::CustomerReturn => true,`",mapped,
plan-sections-0-through-4,1759,ReturnScrapWriteOffService.php:218-227,ReturnScrapWriteOffService.php,218-227,apps/api/app/Modules/POS/Application/Services/ReturnScrapWriteOffService.php,218-227,writeOff(),"writeOff() anchors the cited behavior at `// This posting is economically correct TODAY only because two other // postings are absent, and they must land TOGETHER or this breaks: // * POS COGS-at-exit (a POS sale currently posts no COGS) — landing // it alone relieves Inventory TWICE for the same units. // * A GL leg for the RE-ENTRY movement (MovementReason::`",mapped,
plan-sections-0-through-4,1779,PosCoreReceiptProjection.php:1767-1787,PosCoreReceiptProjection.php,1767-1787,apps/api/app/Modules/POS/Application/Projections/PosCoreReceiptProjection.php,1860-1887,decrementStock(),"decrementStock() anchors the cited behavior at `StockMovement::query()->create([ 'id' => Str::uuid()->toString(), 'tenant_id' => $tenantId, 'company_id' => $companyId,`",mapped,
plan-sections-0-through-4,1795,ReturnScrapWriteOffService.php:214,ReturnScrapWriteOffService.php,214,apps/api/app/Modules/POS/Application/Services/ReturnScrapWriteOffService.php,214,writeOff(),"writeOff() anchors the cited behavior at `postSynchronously: true,`",mapped,
plan-sections-0-through-4,1815,ReturnScrapWriteOffService.php:218-227,ReturnScrapWriteOffService.php,218-227,apps/api/app/Modules/POS/Application/Services/ReturnScrapWriteOffService.php,218-227,writeOff(),"writeOff() anchors the cited behavior at `// This posting is economically correct TODAY only because two other // postings are absent, and they must land TOGETHER or this breaks: // * POS COGS-at-exit (a POS sale currently posts no COGS) — landing // it alone relieves Inventory TWICE for the same units. // * A GL leg for the RE-ENTRY movement (MovementReason::`",mapped,
plan-sections-0-through-4,1820,ReceiptReturnService.php:1250,ReceiptReturnService.php,1250,apps/api/app/Modules/POS/Application/Services/ReceiptReturnService.php,1250,calculateAlreadyReturnedQuantities(),"calculateAlreadyReturnedQuantities() anchors the cited behavior at `* row is restored — symmetric with ReceiptCreationService::decrementStock`",mapped,
plan-sections-0-through-4,1853,DeliveredQuantityResolver.php:287-333,DeliveredQuantityResolver.php,287-333,apps/api/app/Modules/Document/Domain/Services/DeliveredQuantityResolver.php,373-436,linkedDeliveryNoteIdsFor(),"linkedDeliveryNoteIdsFor() anchors the cited behavior at `public function linkedDeliveryNoteIdsFor(Document $invoice): array { $payload = $invoice->payload ?? []; /** @var list<string> $ids */`",mapped,
plan-sections-0-through-4,1857,PosCoreReceiptProjection.php:1781-1782,PosCoreReceiptProjection.php,1781-1782,apps/api/app/Modules/POS/Application/Projections/PosCoreReceiptProjection.php,1881-1882,decrementStock(),"decrementStock() anchors the cited behavior at `'reference_type' => 'pos_receipt', 'reference_id' => $receiptId,`",mapped,
plan-sections-0-through-4,1863,DeliveredQuantityResolver.php:287,DeliveredQuantityResolver.php,287,apps/api/app/Modules/Document/Domain/Services/DeliveredQuantityResolver.php,373,linkedDeliveryNoteIdsFor(),"linkedDeliveryNoteIdsFor() anchors the cited behavior at `public function linkedDeliveryNoteIdsFor(Document $invoice): array`",mapped,
plan-sections-0-through-4,1896,StockAdjustmentService.php:1419,StockAdjustmentService.php,1419,apps/api/app/Modules/Inventory/Domain/Services/StockAdjustmentService.php,1419,postCountOpening(),"postCountOpening() anchors the cited behavior at `unitCost: $openingUnitCost,`",mapped,
plan-sections-0-through-4,1910,ApplyStockAdjustmentsOnCountingCompleted.php:196-205,ApplyStockAdjustmentsOnCountingCompleted.php,196-205,apps/api/app/Modules/Inventory/Application/Listeners/ApplyStockAdjustmentsOnCountingCompleted.php,196-205,applyLegacyDelta(),"applyLegacyDelta() anchors the cited behavior at `$this->stockAdjustmentService->adjust( productId: $item->product_id, locationId: $item->location_id, newQuantity: $newQuantity, reason: $reference,`",mapped,
plan-sections-0-through-4,1931,MovementReason.php:77-94,MovementReason.php,77-94,apps/api/app/Modules/Inventory/Domain/Enums/MovementReason.php,77-94,requiresGLEntry(),"requiresGLEntry() anchors the cited behavior at `public function requiresGLEntry(): bool { return match ($this) { self::GoodsReceipt => true, self::Delivery => true,`",mapped,
plan-sections-0-through-4,1944,routes/console.php:100-117,routes/console.php,100-117,apps/api/routes/console.php,101-118,"console.php file scope","console.php file scope anchors the cited behavior at `// runInBackground() forks a detached process whose exit code the scheduler does // not observe in-process, so an ->onFailure() hook could silently never fire — // a FROZEN drawer would then surface only in audit_events, unnoticed until the // next drawer op fails. Run in-process so the exit code is observed. //`",mapped,
plan-sections-0-through-4,1945,routes/console.php:231-235,routes/console.php,231-235,apps/api/routes/console.php,232-236,"console.php file scope","console.php file scope anchors the cited behavior at `Schedule::command(CheckSubledgerReconciliationCommand::class) ->dailyAt('02:30') ->withoutOverlapping() ->runInBackground();`",mapped,
plan-sections-0-through-4,1981,docs/superpowers/specs/2026-08-08-country-defaults-super-admin-design.md:78-79,docs/superpowers/specs/2026-08-08-country-defaults-super-admin-design.md,78-79,docs/superpowers/specs/2026-08-08-country-defaults-super-admin-design.md,78-79,"section 3.1 `admin_templates`","section 3.1 `admin_templates` anchors the cited behavior at `| certified_country_codes | jsonb nullable | **immutable once published** (R2-08). Scope algebra (R3-02/R7-02): EITHER a non-empty set of exact ISO codes OR the single element `*` — **never mixed**, and an exact set may not mix timbre with non-timbre countries per `CountryAccountingCapabilities` (§4.2.1). Exact set ⇒ a`",mapped,
plan-sections-0-through-4,2010,InvoiceController.php:767,InvoiceController.php,767,apps/api/app/Modules/Document/Presentation/Controllers/InvoiceController.php,808,confirmDeliveriesAndPost(),"confirmDeliveriesAndPost() anchors the cited behavior at `$confirmed = $this->deliveryNoteService->confirm($dn);`",mapped,
plan-sections-0-through-4,2011,DeliveryNoteController.php:330,DeliveryNoteController.php,330,apps/api/app/Modules/Document/Presentation/Controllers/DeliveryNoteController.php,330,confirm(),"confirm() anchors the cited behavior at `return $this->deliveryNoteService->confirm($lockedDocument);`",mapped,
plan-sections-0-through-4,2012,ReturnNoteController.php:427,ReturnNoteController.php,427,apps/api/app/Modules/Document/Presentation/Controllers/ReturnNoteController.php,427,confirm(),"confirm() anchors the cited behavior at `$confirmedReturnNote = $this->returnNoteService->confirm(`",mapped,
plan-sections-0-through-4,2013,RefundService.php:236,RefundService.php,236,apps/api/app/Modules/Document/Domain/Services/RefundService.php,237,cancelInvoiceWithDecision(),"cancelInvoiceWithDecision() anchors the cited behavior at `fn (): Document => $this->returnNoteService->confirmWithin($returnNote, $actorId),`",mapped,
plan-sections-0-through-4,2014,ApplyFiscalEventProjectionJob.php:394,ApplyFiscalEventProjectionJob.php,394,apps/api/app/Modules/Fiscal/Application/Jobs/ApplyFiscalEventProjectionJob.php,394,handle(),"handle() anchors the cited behavior at `$projector->apply($event);`",mapped,
plan-sections-0-through-4,2016,GoodsReceiptController.php:124,GoodsReceiptController.php,124,apps/api/app/Modules/Inventory/Presentation/Controllers/GoodsReceiptController.php,124,post(),"post() anchors the cited behavior at `$posted = $this->goodsReceiptService->post($this->receiptForCurrentCompany($receipt), $user->id, $destinationLocationId);`",mapped,
plan-sections-0-through-4,2017,StandaloneReceiptService.php:134,StandaloneReceiptService.php,134,apps/api/app/Modules/Procurement/Application/StandaloneReceiptService.php,134,execute(),"execute() anchors the cited behavior at `? $this->goodsReceiptService->post($draft, $input->actorId, null, true)`",mapped,
plan-sections-0-through-4,2067,DeliveredQuantityResolver.php:185-199,DeliveredQuantityResolver.php,185-199,apps/api/app/Modules/Document/Domain/Services/DeliveredQuantityResolver.php,215-229,unresolvedLocationProductIds(),"unresolvedLocationProductIds() anchors the cited behavior at `* TRUE when any tuple still has units out — CF-D6's `goods_issued`. * * Deliberately ""any tuple > 0"" rather than ""delivered > 0"": an invoice whose * every delivered unit has already come back has nothing left to restock, and * offering options 1 or 2 for it would over-return.`",mapped,
plan-sections-0-through-4,2106,DeliveryNoteToInvoiceConverter.php:150,DeliveryNoteToInvoiceConverter.php,150,apps/api/app/Modules/Document/Domain/Services/Conversion/Converters/DeliveryNoteToInvoiceConverter.php,150,convertSingleDeliveryNote(),"convertSingleDeliveryNote() anchors the cited behavior at `$invoicePayload['source_delivery_note_ids'] = [$dn->id];`",mapped,
plan-sections-0-through-4,2236,GeneralLedgerService.php:3266-3268,GeneralLedgerService.php,3266-3268,apps/api/app/Modules/Accounting/Domain/Services/GeneralLedgerService.php,3531-3533,sealAndPersistEntry(),"sealAndPersistEntry() anchors the cited behavior at `if ($this->fiscalPeriodResolver->isDateInClosedPeriod($entry->company_id, $entry->entry_date)) { throw new ClosedFiscalPeriodException($entry->company_id, $entry->entry_date->toDateString()); }`",mapped,
plan-sections-0-through-4,2280,CheckSubledgerReconciliationCommand.php:25-28,CheckSubledgerReconciliationCommand.php,25-28,apps/api/app/Modules/Accounting/Presentation/Console/CheckSubledgerReconciliationCommand.php,25-28,CheckSubledgerReconciliationCommand,"CheckSubledgerReconciliationCommand anchors the cited behavior at `final class CheckSubledgerReconciliationCommand extends TenantScopedCommand { /** @var string */ protected $signature = 'accounting:check-subledger-reconciliation {--purpose=* : Optional SystemAccountPurpose values to scan}';`",mapped,
plan-sections-0-through-4,2285,routes/console.php:231-235,routes/console.php,231-235,apps/api/routes/console.php,232-236,"console.php file scope","console.php file scope anchors the cited behavior at `Schedule::command(CheckSubledgerReconciliationCommand::class) ->dailyAt('02:30') ->withoutOverlapping() ->runInBackground();`",mapped,
plan-sections-0-through-4,2302,CheckSubledgerReconciliationCommand.php:80,CheckSubledgerReconciliationCommand.php,80,apps/api/app/Modules/Accounting/Presentation/Console/CheckSubledgerReconciliationCommand.php,80,executeCommand(),"executeCommand() anchors the cited behavior at `Log::warning('Partner subledger reconciliation discrepancy detected.', $context);`",mapped,
plan-sections-0-through-4,2431,PostCOGSOnInvoice.php:145-152,PostCOGSOnInvoice.php,145-152,apps/api/app/Modules/Inventory/Listeners/PostCOGSOnInvoice.php,145-152,extractPhysicalProductLines(),"extractPhysicalProductLines() anchors the cited behavior at `$unitCost = $product->cost_price ?? '0.00'; // Skip if no cost (shouldn't happen but safety check) if (bccomp($unitCost, '0.00', $this->scale()) <= 0) { Log::debug('PostCOGSOnInvoice: Skipping product with zero cost', [`",mapped,
plan-sections-0-through-4,2435,DocumentPostingService.php:485-488,DocumentPostingService.php,485-488,apps/api/app/Modules/Document/Domain/Services/DocumentPostingService.php,507-510,postWithFiscalChain(),"postWithFiscalChain() anchors the cited behavior at `// to prevent listener failures from rolling back the fiscal chain) DB::afterCommit(function () use ($document, $postedAt): void { $this->dispatchPostedEvent($document, $postedAt->toIso8601String()); });`",mapped,
plan-sections-0-through-4,2440,StockMovementGLIntegrationTest.php:323-332,StockMovementGLIntegrationTest.php,323-332,apps/api/tests/Feature/Accounting/StockMovementGLIntegrationTest.php,323-332,test_invoice_posted_listener_creates_posted_cogs_journal_entry(),"test_invoice_posted_listener_creates_posted_cogs_journal_entry() anchors the cited behavior at `public function test_invoice_posted_listener_creates_posted_cogs_journal_entry(): void { $product = $this->createPhysicalProduct('50.00'); $invoice = $this->createPostedInvoiceWithProducts([ ['product' => $product, 'quantity' => '2', 'unit_price' => '100.00'],`",mapped,
plan-sections-0-through-4,2450,DeliveryNoteService.php:254-261,DeliveryNoteService.php,254-261,apps/api/app/Modules/Document/Domain/Services/DeliveryNoteService.php,269-276,issueStock(),"issueStock() anchors the cited behavior at `$movement = $this->wacService->recordSale( product: $product, location: $location, quantity: CurrencyScale::bcformatStrict((string) $line->quantity, self::QUANTITY_SCALE), reference: $deliveryNote->document_number,`",mapped,
plan-sections-0-through-4,2450,ReturnNoteService.php:679-686,ReturnNoteService.php,679-686,apps/api/app/Modules/Document/Domain/Services/ReturnNoteService.php,693-700,receiveStockBack(),"receiveStockBack() anchors the cited behavior at `$this->wacService->recordReturn( product: $product, location: $location, quantity: CurrencyScale::bcformatStrict((string) $line->quantity, self::QUANTITY_SCALE), originalCost: $originalCost,`",mapped,
plan-sections-0-through-4,2460,StockMovementReferenceType.php:43-46,StockMovementReferenceType.php,43-46,apps/api/app/Shared/Domain/Enums/StockMovementReferenceType.php,43-46,name,"name anchors the cited behavior at `* The backing value is the SHORT class name, not the FQCN, because existing * readers query it literally — `LinkedCostApplicationService` and * `BackfillGoodsReceiptsCommand` both do `->where('reference_type', 'Document')`, * and it is what every WeightedAverageCostService caller already writes.`",mapped,
plan-sections-0-through-4,2466,DeliveryNoteService.php:257,DeliveryNoteService.php,257,apps/api/app/Modules/Document/Domain/Services/DeliveryNoteService.php,272,issueStock(),"issueStock() anchors the cited behavior at `quantity: CurrencyScale::bcformatStrict((string) $line->quantity, self::QUANTITY_SCALE),`",mapped,
plan-sections-0-through-4,2466,ReturnNoteService.php:682,ReturnNoteService.php,682,apps/api/app/Modules/Document/Domain/Services/ReturnNoteService.php,696,receiveStockBack(),"receiveStockBack() anchors the cited behavior at `quantity: CurrencyScale::bcformatStrict((string) $line->quantity, self::QUANTITY_SCALE),`",mapped,
plan-sections-0-through-4,2479,DeliveryNoteService.php:243,DeliveryNoteService.php,243,apps/api/app/Modules/Document/Domain/Services/DeliveryNoteService.php,253,issueStock(),"issueStock() anchors the cited behavior at `// D-19 / T4: ONE physical predicate. The former guard read the`",mapped,
plan-sections-0-through-4,2479,ReturnNoteService.php:647,ReturnNoteService.php,647,apps/api/app/Modules/Document/Domain/Services/ReturnNoteService.php,659,receiveStockBack(),"receiveStockBack() anchors the cited behavior at `$product = PhysicalLinePredicate::physicalProductFor($line);`",mapped,
plan-sections-0-through-4,2480,SalesOrderService.php:118,SalesOrderService.php,118,apps/api/app/Modules/Document/Domain/Services/SalesOrderService.php,119,confirmAndReserveStock(),"confirmAndReserveStock() anchors the cited behavior at `// `product_id === null` skip further down (which ran AFTER the`",mapped,
plan-sections-0-through-4,2480,DocumentPostingService.php:605,DocumentPostingService.php,605,apps/api/app/Modules/Document/Domain/Services/DocumentPostingService.php,630,validateDeliveryCompliance(),"validateDeliveryCompliance() anchors the cited behavior at `return;`",mapped,
plan-sections-0-through-4,2485,InvoiceController.php:892,InvoiceController.php,892,apps/api/app/Modules/Document/Presentation/Controllers/InvoiceController.php,1132,closeWithTolerance(),"closeWithTolerance() anchors the cited behavior at `}`",mapped,
plan-sections-0-through-4,2486,Document.php:926,Document.php,926,apps/api/app/Modules/Document/Domain/Document.php,926,getFulfillmentStatus(),"getFulfillmentStatus() anchors the cited behavior at `->whereHas('product', fn (Builder $q) => $q->whereRaw('is_physical = true'))`",mapped,
plan-sections-0-through-4,2493,POS/routes.php:164-171,POS/routes.php,164-171,apps/api/app/Modules/POS/routes.php,164-171,"routes.php file scope","routes.php file scope anchors the cited behavior at `Route::post('/pos/receipts', function () { return response()->json([ 'error' => [ 'code' => 'NEW_SALE_AUTHORING_RETIRED', 'message' => 'POST /api/v1/pos/receipts is retired for new-sale SALE_RECEIPT authoring per fiscal Phase 1 §14.2. Receipts are now device-authored and ingested via POST /api/v1/pos/sync/fiscal-events`",mapped,
plan-sections-0-through-4,2493,routes_orders.php:43-50,routes_orders.php,43-50,apps/api/app/Modules/POS/routes_orders.php,43-50,"routes_orders.php file scope","routes_orders.php file scope anchors the cited behavior at `Route::post('/pos/orders/{id}/close', function (string $id) { return response()->json([ 'error' => [ 'code' => 'NEW_SALE_AUTHORING_RETIRED', 'message' => 'POST /api/v1/pos/orders/{id}/close is retired for new-sale SALE_RECEIPT authoring per fiscal Phase 1 §14.2. Receipts are now device-authored and ingested via POST /a`",mapped,
plan-sections-0-through-4,2520,EventServiceProvider.php:145-147,EventServiceProvider.php,145-147,apps/api/app/Providers/EventServiceProvider.php,145-147,EventServiceProvider,"EventServiceProvider anchors the cited behavior at `// Procurement-to-Pay: GR-IR accrual on goods receipt GoodsReceived::class => [ PostGrIrOnGoodsReceipt::class,`",mapped,
plan-sections-0-through-4,2531,PostGrIrOnGoodsReceipt.php:41-55,PostGrIrOnGoodsReceipt.php,41-55,apps/api/app/Modules/Accounting/Listeners/PostGrIrOnGoodsReceipt.php,41-55,handle(),"handle() anchors the cited behavior at `} catch (\Throwable $e) { // Log the error but do not re-throw — failure to post GL must not // block the goods receipt (the stock movement has already committed). // Ops can replay the GoodsReceived event or create the GL entry manually. Log::error('PostGrIrOnGoodsReceipt: failed to post GR-IR entry', [`",mapped,
plan-sections-0-through-4,2534,EventServiceProvider.php:145-147,EventServiceProvider.php,145-147,apps/api/app/Providers/EventServiceProvider.php,145-147,EventServiceProvider,"EventServiceProvider anchors the cited behavior at `// Procurement-to-Pay: GR-IR accrual on goods receipt GoodsReceived::class => [ PostGrIrOnGoodsReceipt::class,`",mapped,
plan-sections-0-through-4,2557,Company.php:156-180,Company.php,156-180,apps/api/app/Modules/Company/Domain/Company.php,162-186,booted(),"booted() anchors the cited behavior at `static::updated(function (Company $company): void { // Only dispatch if there are actual changes if (empty($company->getDirty())) { return; }`",mapped,
plan-sections-0-through-4,2580,CompanyFactory.php:72,CompanyFactory.php,72,apps/api/database/factories/CompanyFactory.php,72,definition(),"definition() anchors the cited behavior at `'inventory_costing_method' => 'weighted_average',`",mapped,
plan-sections-0-through-4,2607,PosCoreReceiptProjection.php:456-458,PosCoreReceiptProjection.php,456-458,apps/api/app/Modules/POS/Application/Projections/PosCoreReceiptProjection.php,475-477,"PosCoreReceiptProjection.php file scope","PosCoreReceiptProjection.php file scope anchors the cited behavior at `$this->reconcileRoundingPolicySafely($event, $roundingDenominationNorm); } });`",mapped,
plan-sections-0-through-4,2714,ReturnNoteService.php:497,ReturnNoteService.php,497,apps/api/app/Modules/Document/Domain/Services/ReturnNoteService.php,509,confirm(),"confirm() anchors the cited behavior at `return $this->costLock->acquire($returnNote->tenant_id, $returnNote->company_id, $productIds, function () use ($returnNote, $actorId): Document {`",mapped,
plan-sections-0-through-4,2740,ProductCostLock.php:40,ProductCostLock.php,40,apps/api/app/Modules/Inventory/Domain/Services/ProductCostLock.php,40,acquire(),"acquire() anchors the cited behavior at `public function acquire(string $tenantId, string $companyId, array $productIds, Closure $callback): mixed`",mapped,
plan-sections-0-through-4,2757,JournalCode.php:32-42,JournalCode.php,32-42,apps/api/app/Modules/Accounting/Domain/Enums/JournalCode.php,32-42,fromSourceType(),"fromSourceType() anchors the cited behavior at `public static function fromSourceType(string $sourceType): self { return match ($sourceType) { 'invoice', 'credit_note' => self::Sales, 'supplier_invoice' => self::Purchase,`",mapped,
plan-sections-0-through-4,2768,JournalCode.php:38,JournalCode.php,38,apps/api/app/Modules/Accounting/Domain/Enums/JournalCode.php,38,fromSourceType(),"fromSourceType() anchors the cited behavior at `'pos_payment', 'pos_receipt', 'pos_receipt_refund' => self::Cash,`",mapped,
plan-sections-0-through-4,2783,DeliveryNoteService.php:240-273,DeliveryNoteService.php,240-273,apps/api/app/Modules/Document/Domain/Services/DeliveryNoteService.php,250-288,issueStock(),"issueStock() anchors the cited behavior at `private function issueStock(Document $deliveryNote): void { foreach ($deliveryNote->lines as $line) { // D-19 / T4: ONE physical predicate. The former guard read the // PHANTOM `is_service` (§0.15) and therefore issued stock for`",mapped,
plan-sections-0-through-4,2789,StockAdjustmentService.php:1152-1158,StockAdjustmentService.php,1152-1158,apps/api/app/Modules/Inventory/Domain/Services/StockAdjustmentService.php,1152-1158,issueFromDefaultBatchByDelta(),"issueFromDefaultBatchByDelta() anchors the cited behavior at `if (bccomp($drain, '0', self::SCALE) <= 0) { return; }`",mapped,
plan-sections-0-through-4,2816,ReturnNoteService.php:643-696,ReturnNoteService.php,643-696,apps/api/app/Modules/Document/Domain/Services/ReturnNoteService.php,655-712,receiveStockBack(),"receiveStockBack() anchors the cited behavior at `private function receiveStockBack(Document $returnNote): void { foreach ($returnNote->lines as $line) { // D-19 / T4: ONE physical predicate (was the phantom `is_service`). $product = PhysicalLinePredicate::physicalProductFor($line);`",mapped,
plan-sections-0-through-4,2860,ReturnScrapWriteOffService.php:209-213,ReturnScrapWriteOffService.php,209-213,apps/api/app/Modules/POS/Application/Services/ReturnScrapWriteOffService.php,209-213,writeOff(),"writeOff() anchors the cited behavior at `// Seal INSIDE this transaction (gate I1). The default afterCommit // path would post from a Horizon worker in autocommit, where the // per-company chain advisory lock is a no-op (duplicate // chain_sequence) and a post-commit throw would leave the entry // Draft forever — invisible to every trial balance.`",mapped,
plan-sections-0-through-4,2888,PosCoreReceiptProjection.php:1433,PosCoreReceiptProjection.php,1433,apps/api/app/Modules/POS/Application/Projections/PosCoreReceiptProjection.php,1452,redeemVouchers(),"redeemVouchers() anchors the cited behavior at `$currency = $view->payload->currencyCode;`",mapped,
plan-sections-0-through-4,2890,GeneralLedgerService.php:3404,GeneralLedgerService.php,3404,apps/api/app/Modules/Accounting/Domain/Services/GeneralLedgerService.php,3669,createPOSPaymentEntry(),"createPOSPaymentEntry() anchors the cited behavior at `'entry_date' => $receipt->posted_at,`",mapped,
plan-sections-0-through-4,2923,GeneralLedgerService.php:3257,GeneralLedgerService.php,3257,apps/api/app/Modules/Accounting/Domain/Services/GeneralLedgerService.php,3522,sealAndPersistEntry(),"sealAndPersistEntry() anchors the cited behavior at `DB::statement('SELECT pg_advisory_xact_lock(hashtextextended(?, 0))', [$entry->company_id]);`",mapped,
plan-sections-0-through-4,2931,ReturnScrapWriteOffService.php:198-201,ReturnScrapWriteOffService.php,198-201,apps/api/app/Modules/POS/Application/Services/ReturnScrapWriteOffService.php,198-201,writeOff(),"writeOff() anchors the cited behavior at `// // NOTE (gate C3): a POS scrap is NOT reversible through // ReverseWriteOffService — it is undone by correcting the return. // That service refuses this reference_type explicitly.`",mapped,
plan-sections-0-through-4,2934,ReturnScrapWriteOffService.php:218-227,ReturnScrapWriteOffService.php,218-227,apps/api/app/Modules/POS/Application/Services/ReturnScrapWriteOffService.php,218-227,writeOff(),"writeOff() anchors the cited behavior at `// This posting is economically correct TODAY only because two other // postings are absent, and they must land TOGETHER or this breaks: // * POS COGS-at-exit (a POS sale currently posts no COGS) — landing // it alone relieves Inventory TWICE for the same units. // * A GL leg for the RE-ENTRY movement (MovementReason::`",mapped,
plan-sections-0-through-4,2942,ReceiptReturnService.php:1250,ReceiptReturnService.php,1250,apps/api/app/Modules/POS/Application/Services/ReceiptReturnService.php,1250,calculateAlreadyReturnedQuantities(),"calculateAlreadyReturnedQuantities() anchors the cited behavior at `* row is restored — symmetric with ReceiptCreationService::decrementStock`",mapped,
plan-sections-0-through-4,2953,GeneralLedgerService.php:2514,GeneralLedgerService.php,2514,apps/api/app/Modules/Accounting/Domain/Services/GeneralLedgerService.php,2684,createVoucherLedgerEntry(),"createVoucherLedgerEntry() anchors the cited behavior at `public function createVoucherLedgerEntry(VoucherLedger $ledgerRow, Voucher $voucher): JournalEntry`",mapped,
plan-sections-0-through-4,2985,InventoryServiceProvider.php:77,InventoryServiceProvider.php,77,apps/api/app/Modules/Inventory/Providers/InventoryServiceProvider.php,77,registerEventListeners(),"registerEventListeners() anchors the cited behavior at `Event::listen(InvoicePosted::class, PostCOGSOnInvoice::class);`",mapped,
plan-sections-0-through-4,3001,tests/Feature/Accounting/GLIntegrationTest.php:380-390,tests/Feature/Accounting/GLIntegrationTest.php,380-390,apps/api/tests/Feature/Accounting/GLIntegrationTest.php,380-390,test_cogs_posting_without_company_context_assigns_verifiable_chain_sequence(),"test_cogs_posting_without_company_context_assigns_verifiable_chain_sequence() anchors the cited behavior at `public function test_cogs_posting_without_company_context_assigns_verifiable_chain_sequence(): void { app(CompanyContext::class)->clear(); $entry = app(GeneralLedgerService::class)->createCOGSEntry(`",mapped,
plan-sections-0-through-4,3004,database/seeders/ParapharmacySeeder.php:971,database/seeders/ParapharmacySeeder.php,971,apps/api/database/seeders/ParapharmacySeeder.php,971,createProduct(),"createProduct() anchors the cited behavior at `'company_id' => $company->id,`",mapped,
plan-sections-0-through-4,3005,tests/Feature/Document/RefundResidualTenantIsolationTest.php:544,tests/Feature/Document/RefundResidualTenantIsolationTest.php,544,apps/api/tests/Feature/Document/RefundResidualTenantIsolationTest.php,585,test_auto_save_batch_lines_does_not_leak_cross_tenant_product_name(),"test_auto_save_batch_lines_does_not_leak_cross_tenant_product_name() anchors the cited behavior at `* (unscoped belongsTo) — concretely surfaced in PostCOGSOnInvoice and`",mapped,
plan-sections-0-through-4,3041,docs/handoff/HANDOVER-dpa-session2-2026-08-09.md:100,docs/handoff/HANDOVER-dpa-session2-2026-08-09.md,100,/Users/houssamr/Projects/syneriva/apps/erp/docs/handoff/HANDOVER-dpa-session2-2026-08-09.md,100,"section 7. Routed to the MAIN session (do not absorb)","section 7. Routed to the MAIN session (do not absorb) anchors the cited behavior at `T13 `fiscal:verify-chains` false-tamper P1 → launch fiscal-verifier gate. The 42-entry`",mapped,
plan-sections-0-through-4,3072,FranceChartOfAccountsSeeder.php:281,FranceChartOfAccountsSeeder.php,281,apps/api/database/seeders/FranceChartOfAccountsSeeder.php,289,aware,"aware anchors the cited behavior at `'system_purpose' => SystemAccountPurpose::CostOfGoodsSold->value, 'is_system' => true],`",mapped,
plan-sections-0-through-4,3096,StockAdjustmentService.php:1419,StockAdjustmentService.php,1419,apps/api/app/Modules/Inventory/Domain/Services/StockAdjustmentService.php,1419,postCountOpening(),"postCountOpening() anchors the cited behavior at `unitCost: $openingUnitCost,`",mapped,
plan-sections-0-through-4,3108,StockAdjustmentService.php:1419,StockAdjustmentService.php,1419,apps/api/app/Modules/Inventory/Domain/Services/StockAdjustmentService.php,1419,postCountOpening(),"postCountOpening() anchors the cited behavior at `unitCost: $openingUnitCost,`",mapped,
plan-sections-0-through-4,3146,task-v7-report.md:47-70,task-v7-report.md,47-70,.superpowers/sdd/HANDOVER-document-per-action-remediation-2026-08-08/task-v7-report.md,47-70,"section ⚠ Collision C-1 — plan-internal contradiction, RULING OWED","section ⚠ Collision C-1 — plan-internal contradiction, RULING OWED anchors the cited behavior at `## ⚠ Collision C-1 — plan-internal contradiction, RULING OWED **D1 vs D1b part 3 cannot both hold, and reality settles which.** - **D1:** `adjust()` ""passes `batchId: null` **so its behaviour is bit-for-bit unchanged**"".`",mapped,
plan-sections-0-through-4,3149,InventoryCountingDefaultBatchTest.php:131,InventoryCountingDefaultBatchTest.php,131,apps/api/tests/Feature/Inventory/InventoryCountingDefaultBatchTest.php,131,test_counting_positive_delta_for_batch_tracked_product_reconciles_default_lot(),"test_counting_positive_delta_for_batch_tracked_product_reconciles_default_lot() anchors the cited behavior at `$this->assertSame(0, bccomp('7.0000', (string) $batchStock->quantity, 4));`",mapped,
plan-sections-0-through-4,3185,DeliveryNoteService.php:247-250,DeliveryNoteService.php,247-250,apps/api/app/Modules/Document/Domain/Services/DeliveryNoteService.php,262-265,issueStock(),"issueStock() anchors the cited behavior at `$location = $line->location ?? $deliveryNote->location; if ($location === null) { continue; // Skip if no location available`",mapped,
plan-sections-0-through-4,3219,DocumentPostingService.php:621-624,DocumentPostingService.php,621-624,apps/api/app/Modules/Document/Domain/Services/DocumentPostingService.php,641-644,validateDeliveryCompliance(),"validateDeliveryCompliance() anchors the cited behavior at `// 🚨 T25b — the compliance refusal is TYPED and carries the resolved // policy. Flattening it into the generic `\DomainException` below would // make the control depend on the entry point: every non-controller`",mapped,
plan-sections-0-through-4,3220,InvoiceController.php:910-919,InvoiceController.php,910-919,apps/api/app/Modules/Document/Presentation/Controllers/InvoiceController.php,1132,closeWithTolerance(),"closeWithTolerance() anchors the cited behavior at `}`",mapped,
plan-sections-0-through-4,3231,DeliveredQuantityResolver.php:287,DeliveredQuantityResolver.php,287,apps/api/app/Modules/Document/Domain/Services/DeliveredQuantityResolver.php,373,linkedDeliveryNoteIdsFor(),"linkedDeliveryNoteIdsFor() anchors the cited behavior at `public function linkedDeliveryNoteIdsFor(Document $invoice): array`",mapped,
plan-sections-0-through-4,3237,DeliveredQuantityResolver.php:186-188,DeliveredQuantityResolver.php,186-188,apps/api/app/Modules/Document/Domain/Services/DeliveredQuantityResolver.php,216-218,unresolvedLocationProductIds(),"unresolvedLocationProductIds() anchors the cited behavior at `* * Deliberately ""any tuple > 0"" rather than ""delivered > 0"": an invoice whose * every delivered unit has already come back has nothing left to restock, and`",mapped,
plan-sections-0-through-4,3273,docs/superpowers/specs/2026-08-08-country-defaults-super-admin-design.md:78-79,docs/superpowers/specs/2026-08-08-country-defaults-super-admin-design.md,78-79,docs/superpowers/specs/2026-08-08-country-defaults-super-admin-design.md,78-79,"section 3.1 `admin_templates`","section 3.1 `admin_templates` anchors the cited behavior at `| certified_country_codes | jsonb nullable | **immutable once published** (R2-08). Scope algebra (R3-02/R7-02): EITHER a non-empty set of exact ISO codes OR the single element `*` — **never mixed**, and an exact set may not mix timbre with non-timbre countries per `CountryAccountingCapabilities` (§4.2.1). Exact set ⇒ a`",mapped,
plan-sections-0-through-4,3299,DocumentPostingService.php:626-630,DocumentPostingService.php,626-630,apps/api/app/Modules/Document/Domain/Services/DocumentPostingService.php,646-656,validateDeliveryCompliance(),"validateDeliveryCompliance() anchors the cited behavior at `// policy, no source and no compliant alternative to offer. if ($status->code === DeliveryComplianceCode::DeliveryRequiredBeforeInvoice && $status->resolvedPolicy !== null) { throw new DeliveryRequiredBeforeInvoiceException( policy: $status->resolvedPolicy->policy->value,`",mapped,
plan-sections-0-through-4,3326,InvoiceController.php:727-733,InvoiceController.php,727-733,apps/api/app/Modules/Document/Presentation/Controllers/InvoiceController.php,768-774,confirmDeliveriesAndPost(),"confirmDeliveriesAndPost() anchors the cited behavior at `$sourceOrder = $documentModel->sourceDocument; if ($sourceOrder === null || $sourceOrder->type !== DocumentType::SalesOrder) { return $this->validationErrorResponse( 'NO_SOURCE_ORDER', 'Invoice does not have a source sales order'`",mapped,
plan-sections-0-through-4,3332,DeliveryNoteToInvoiceConverter.php:150,DeliveryNoteToInvoiceConverter.php,150,apps/api/app/Modules/Document/Domain/Services/Conversion/Converters/DeliveryNoteToInvoiceConverter.php,150,convertSingleDeliveryNote(),"convertSingleDeliveryNote() anchors the cited behavior at `$invoicePayload['source_delivery_note_ids'] = [$dn->id];`",mapped,
plan-sections-0-through-4,3343,SalesOrderToInvoiceConverter.php:476,SalesOrderToInvoiceConverter.php,476,apps/api/app/Modules/Document/Domain/Services/Conversion/Converters/SalesOrderToInvoiceConverter.php,482,createDeliveryNoteForOrder(),"createDeliveryNoteForOrder() anchors the cited behavior at `private function createDeliveryNoteForOrder(Document $order): Document`",mapped,
plan-sections-0-through-4,3376,app/Modules/Treasury/Domain/Enums/PaymentType.php:13,app/Modules/Treasury/Domain/Enums/PaymentType.php,13,apps/api/app/Modules/Treasury/Domain/Enums/PaymentType.php,13,PaymentType,"PaymentType anchors the cited behavior at `case Advance = 'advance';`",mapped,
plan-sections-0-through-4,3378,PaymentAllocationService.php:315,PaymentAllocationService.php,315,apps/api/app/Modules/Treasury/Application/Services/PaymentAllocationService.php,315,applyAllocationFromCommand(),"applyAllocationFromCommand() anchors the cited behavior at `$advanceEntry = $this->glService->createCustomerAdvanceJournalEntry(`",mapped,
plan-sections-0-through-4,3378,MultiPaymentService.php:223,MultiPaymentService.php,223,apps/api/app/Modules/Treasury/Domain/Services/MultiPaymentService.php,223,recordDeposit(),"recordDeposit() anchors the cited behavior at `$journalEntry = $this->glService->createCustomerAdvanceJournalEntry(`",mapped,
plan-sections-0-through-4,3383,plan-advance-reversal.md:727-728,plan-advance-reversal.md,727-728,.superpowers/sdd/HANDOVER-document-per-action-remediation-2026-08-08/plan-advance-reversal.md,727-728,"section 3. Tasks (12) — TDD, red first","section 3. Tasks (12) — TDD, red first anchors the cited behavior at `asserts they sum to the nominal. `performCancellation()` derives the partition through the **same** reader for the standalone `cancel()``",mapped,
plan-sections-0-through-4,3387,DocumentType.php:9-20,DocumentType.php,9-20,apps/api/app/Modules/Document/Domain/Enums/DocumentType.php,9-20,DocumentType,"DocumentType anchors the cited behavior at `case Quote = 'quote'; case SalesOrder = 'sales_order'; case PurchaseOrder = 'purchase_order'; case Invoice = 'invoice'; case CreditNote = 'credit_note';`",mapped,
plan-sections-0-through-4,3406,DocumentPostingService.php:458-465,DocumentPostingService.php,458-465,apps/api/app/Modules/Document/Domain/Services/DocumentPostingService.php,480-487,postWithFiscalChain(),"postWithFiscalChain() anchors the cited behavior at `$input = $this->hashService->serializeForHashing([ 'document_number' => $document->document_number, 'posted_at' => $postedAt->toDateString(), 'total' => $document->total ?? '0.00', 'currency' => $document->currency,`",mapped,
plan-sections-0-through-4,3429,MovementReason.php:81,MovementReason.php,81,apps/api/app/Modules/Inventory/Domain/Enums/MovementReason.php,81,requiresGLEntry(),"requiresGLEntry() anchors the cited behavior at `self::Delivery => true,`",mapped,
plan-sections-0-through-4,3436,task-v8-report.md:503,task-v8-report.md,503,.superpowers/sdd/HANDOVER-document-per-action-remediation-2026-08-08/task-v8-report.md,503,"section Concerns after fix round 2","section Concerns after fix round 2 anchors the cited behavior at `**C-11 (NEW, supersedes the ""C-1 closed"" claim) — the ceiling is a single-price proxy, and that is a NAMED RESIDUAL, not a closed finding.** Bounded (WAC' can never exceed the causing receipt's own price) but the bound can sit arbitrarily far above the paid blend, and `forgone` under-reports in exactly those cases. Bot`",mapped,
plan-sections-0-through-4,3436,gate-v8-rereview-2.md:74-90,gate-v8-rereview-2.md,74-90,.superpowers/sdd/HANDOVER-document-per-action-remediation-2026-08-08/gate-v8-rereview-2.md,74-90,"section 2. (b) C-11 merge ruling","section 2. (b) C-11 merge ruling anchors the cited behavior at `## 2. (b) C-11 merge ruling **NOT merge-blocking — C-11 is correctly carried as a named, pinned, ticketed residual.** It is bounded (`WAC' ≤ C`), documented at the point of use, pinned in both directions by tests that reproduce the gate's own figures, owned by F-9 in the periodic-vs-perpetual research lane with c1-bis `",mapped,
plan-sections-0-through-4,3458,MovementReason.php:81,MovementReason.php,81,apps/api/app/Modules/Inventory/Domain/Enums/MovementReason.php,81,requiresGLEntry(),"requiresGLEntry() anchors the cited behavior at `self::Delivery => true,`",mapped,
plan-sections-0-through-4,3476,DocumentPostingService.php:485-488,DocumentPostingService.php,485-488,apps/api/app/Modules/Document/Domain/Services/DocumentPostingService.php,507-510,postWithFiscalChain(),"postWithFiscalChain() anchors the cited behavior at `// to prevent listener failures from rolling back the fiscal chain) DB::afterCommit(function () use ($document, $postedAt): void { $this->dispatchPostedEvent($document, $postedAt->toIso8601String()); });`",mapped,
